questionId,trainingId,sopCode,questionNo,question_type,cognitive_level,prompt,optionA,optionB,optionC,optionD,correct_option,rationale,tags
HIS-TRN-GOV-001-Q01,HIS-TRN-GOV-001,HIS-SOP-GOV-001,1,single_choice,understanding,"For HIS-SOP-GOV-001 (SOP governance), what is the primary business reason the SOP exists?",To let managers bypass formal records when urgency is high and document later.,"To focus mainly on activity volume even if records, handoffs, or quality controls are incomplete.",To provide optional reference guidance for SOP governance that teams may adapt without approval.,"Creates one disciplined way to own, approve, version, publish, revise, retire, and enforce SOPs so process changes do not become scattered documents.",D,"The SOP exists to support the specific business outcome described for SOP governance, not to create optional paperwork.",purpose;business_value
HIS-TRN-GOV-001-Q02,HIS-TRN-GOV-001,HIS-SOP-GOV-001,2,single_choice,application,"Before publishing or revising an SOP is treated as ready under HIS-SOP-GOV-001, which control is required?","The SOP must have a code, owner, approver, review workflow, effective date, mapped training, and locked published version.",Use the most recent email or chat thread as the only working standard.,"Proceed if the candidate/client seems urgent, even if required records are not complete.","Start execution once the manager gives a verbal go-ahead, then add missing fields at week end.",A,Readiness requires the module-specific control to be completed and visible in the approved system.,required_control;readiness
HIS-TRN-GOV-001-Q03,HIS-TRN-GOV-001,HIS-SOP-GOV-001,3,single_choice,application,Which record best proves HIS-SOP-GOV-001 was followed for publishing or revising an SOP?,A verbal update in the daily standup with no system entry.,"SOP version history, reviewer comments, approval status, effective date, and training mapping.",A personal note or spreadsheet maintained by one team member only.,"A generic completion message that does not include evidence, owner, or next step.",B,"The record must be specific enough for another team member or auditor to understand the action, status, and evidence.",documentation;system_record
HIS-TRN-GOV-001-Q04,HIS-TRN-GOV-001,HIS-SOP-GOV-001,4,scenario_single_choice,scenario_application,Scenario: A manager finds a typo and wants to directly change a published SOP before tomorrow’s team training. What is the best response?,Treat the issue as resolved if a verbal confirmation was received.,Move forward quickly and document the exception only if a problem occurs.,"Create a new revision/version or change request through SOP governance, not an informal edit to the active published version.",Ask the team to handle it informally because the situation is time-sensitive.,C,"The best response applies the SOP control before the issue turns into a delivery, compliance, or communication failure.",scenario;edge_case
HIS-TRN-GOV-001-Q05,HIS-TRN-GOV-001,HIS-SOP-GOV-001,5,single_choice,analysis,What is the most realistic misunderstanding that would weaken HIS-SOP-GOV-001?,Using the approved system to make handoffs visible to managers and teammates.,Treating the published SOP version record as optional when the team is busy or the role is urgent.,Believing every completed record should also have a clear owner and due date.,Escalating blockers early when required information or approval is missing.,B,A common failure mode is treating the key artifact/control as optional under pressure; the other options are expected behaviors.,misunderstanding;risk
HIS-TRN-GOV-001-Q06,HIS-TRN-GOV-001,HIS-SOP-GOV-001,6,single_choice,application,Who should own or verify the key control for HIS-SOP-GOV-001?,SOP Owner drafts and responds; CEO/Super Admin publishes after workflow review.,No assigned owner is needed if the team discusses it in a meeting.,"Only the newest team member working the task, because they are closest to the work.",Any person can close it without review if the outcome looks positive.,A,Ownership must match the SOP’s operating responsibility so accountability does not disappear in remote work.,ownership;manager_control
HIS-TRN-GOV-001-Q07,HIS-TRN-GOV-001,HIS-SOP-GOV-001,7,scenario_single_choice,scenario_application,Scenario: A reviewer misses the 5-business-day review deadline and has not flagged any blocker. What should happen next?,Continue using the old information because changing records mid-process creates extra work.,Let the person who discovered the issue decide without involving the required owner or workflow.,Keep the issue in a private note until the final outcome is known.,Record no response/no objection and allow CEO/Super Admin to proceed if the SOP is ready.,D,"The scenario tests the second-level application of the SOP when work changes, conflicts, or becomes risky.",scenario;second_scenario
HIS-TRN-GOV-001-Q08,HIS-TRN-GOV-001,HIS-SOP-GOV-001,8,single_choice,evaluation,Which evidence would best show that HIS-SOP-GOV-001 is working after rollout?,"Managers remember discussing the SOP, but there is no KPI, record, or compliance evidence.","100% of active SOPs have owner, version, effective date, training mapping, and review status.","The SOP exists in a folder, even if training, acknowledgment, and audits are incomplete.","Most employees say in chat that they understand the SOP, but no workflow data is reviewed.",B,"The success measure must connect the SOP to measurable adoption, quality, compliance, or business impact.",success_measure;kpi
HIS-TRN-REQ-001-Q01,HIS-TRN-REQ-001,HIS-SOP-REQ-001,1,single_choice,understanding,"For HIS-SOP-REQ-001 (requirement synthesis), what is the primary business reason the SOP exists?",To let managers bypass formal records when urgency is high and document later.,"To focus mainly on activity volume even if records, handoffs, or quality controls are incomplete.","Prevents blind sourcing by converting fragmented JDs, VMS notes, client emails, and manager expectations into one clear execution brief before recruiting starts.",To provide optional reference guidance for requirement synthesis that teams may adapt without approval.,C,"The SOP exists to support the specific business outcome described for requirement synthesis, not to create optional paperwork.",purpose;business_value
HIS-TRN-REQ-001-Q02,HIS-TRN-REQ-001,HIS-SOP-REQ-001,2,single_choice,application,"Before starting sourcing on a new role is treated as ready under HIS-SOP-REQ-001, which control is required?","Start execution once the manager gives a verbal go-ahead, then add missing fields at week end.","Raw JD, VMS notes, client email, rate/pay, must-haves, disqualifiers, candidate pitch, and screening questions must be synthesized and human-approved.","Proceed if the candidate/client seems urgent, even if required records are not complete.",Use the most recent email or chat thread as the only working standard.,B,Readiness requires the module-specific control to be completed and visible in the approved system.,required_control;readiness
HIS-TRN-REQ-001-Q03,HIS-TRN-REQ-001,HIS-SOP-REQ-001,3,single_choice,application,Which record best proves HIS-SOP-REQ-001 was followed for starting sourcing on a new role?,A verbal update in the daily standup with no system entry.,A personal note or spreadsheet maintained by one team member only.,"A generic completion message that does not include evidence, owner, or next step.","Execution brief with must-haves, nice-to-haves, disqualifiers, rate/pay guidance, screening questions, and submission checklist.",D,"The record must be specific enough for another team member or auditor to understand the action, status, and evidence.",documentation;system_record
HIS-TRN-REQ-001-Q04,HIS-TRN-REQ-001,HIS-SOP-REQ-001,4,scenario_single_choice,scenario_application,Scenario: A recruiter has only a copied JD and no clarity on must-haves or disqualifiers but wants to start sourcing to save time. What is the best response?,Treat the issue as resolved if a verbal confirmation was received.,Ask the team to handle it informally because the situation is time-sensitive.,"Pause broad sourcing and complete the execution brief with clarified must-haves, disqualifiers, pay/rate guidance, and approval.",Move forward quickly and document the exception only if a problem occurs.,C,"The best response applies the SOP control before the issue turns into a delivery, compliance, or communication failure.",scenario;edge_case
HIS-TRN-REQ-001-Q05,HIS-TRN-REQ-001,HIS-SOP-REQ-001,5,single_choice,analysis,What is the most realistic misunderstanding that would weaken HIS-SOP-REQ-001?,Using the approved system to make handoffs visible to managers and teammates.,Treating the unified execution brief as optional when the team is busy or the role is urgent.,Believing every completed record should also have a clear owner and due date.,Escalating blockers early when required information or approval is missing.,B,A common failure mode is treating the key artifact/control as optional under pressure; the other options are expected behaviors.,misunderstanding;risk
HIS-TRN-REQ-001-Q06,HIS-TRN-REQ-001,HIS-SOP-REQ-001,6,single_choice,application,Who should own or verify the key control for HIS-SOP-REQ-001?,Any person can close it without review if the outcome looks positive.,No assigned owner is needed if the team discusses it in a meeting.,"Only the newest team member working the task, because they are closest to the work.",Account/Delivery owner validates the brief; recruiters use it for sourcing and screening.,D,Ownership must match the SOP’s operating responsibility so accountability does not disappear in remote work.,ownership;manager_control
HIS-TRN-REQ-001-Q07,HIS-TRN-REQ-001,HIS-SOP-REQ-001,7,scenario_single_choice,scenario_application,"Scenario: KleriQ generates a role brief, but it conflicts with a client email about required certification. What should happen next?",Keep the issue in a private note until the final outcome is known.,Let the person who discovered the issue decide without involving the required owner or workflow.,Escalate and resolve the conflict with human review before using the brief as the sourcing standard.,Continue using the old information because changing records mid-process creates extra work.,C,"The scenario tests the second-level application of the SOP when work changes, conflicts, or becomes risky.",scenario;second_scenario
HIS-TRN-REQ-001-Q08,HIS-TRN-REQ-001,HIS-SOP-REQ-001,8,single_choice,evaluation,Which evidence would best show that HIS-SOP-REQ-001 is working after rollout?,"Most employees say in chat that they understand the SOP, but no workflow data is reviewed.","The SOP exists in a folder, even if training, acknowledgment, and audits are incomplete.",90%+ intake completeness and fewer blind-sourcing escalations after Wave 1.,"Managers remember discussing the SOP, but there is no KPI, record, or compliance evidence.",C,"The success measure must connect the SOP to measurable adoption, quality, compliance, or business impact.",success_measure;kpi
HIS-TRN-TA-001-Q01,HIS-TRN-TA-001,HIS-SOP-TA-001,1,single_choice,understanding,"For HIS-SOP-TA-001 (requisition intake), what is the primary business reason the SOP exists?",To let managers bypass formal records when urgency is high and document later.,"To focus mainly on activity volume even if records, handoffs, or quality controls are incomplete.","Ensures every recruiter starts with aligned role, rate, pay, margin, urgency, target profile, and submission expectations.",To provide optional reference guidance for requisition intake that teams may adapt without approval.,C,"The SOP exists to support the specific business outcome described for requisition intake, not to create optional paperwork.",purpose;business_value
HIS-TRN-TA-001-Q02,HIS-TRN-TA-001,HIS-SOP-TA-001,2,single_choice,application,"Before opening a requisition for delivery is treated as ready under HIS-SOP-TA-001, which control is required?",Use the most recent email or chat thread as the only working standard.,"Start execution once the manager gives a verbal go-ahead, then add missing fields at week end.","Role details, rate/pay guidance, priority, assigned recruiters, submission format, and kickoff notes must be complete before delivery starts.","Proceed if the candidate/client seems urgent, even if required records are not complete.",C,Readiness requires the module-specific control to be completed and visible in the approved system.,required_control;readiness
HIS-TRN-TA-001-Q03,HIS-TRN-TA-001,HIS-SOP-TA-001,3,single_choice,application,Which record best proves HIS-SOP-TA-001 was followed for opening a requisition for delivery?,"A generic completion message that does not include evidence, owner, or next step.",A verbal update in the daily standup with no system entry.,"Ceipal/job record with requirement details, rate/pay guidance, priority, assignment, kickoff notes, and blockers.",A personal note or spreadsheet maintained by one team member only.,C,"The record must be specific enough for another team member or auditor to understand the action, status, and evidence.",documentation;system_record
HIS-TRN-TA-001-Q04,HIS-TRN-TA-001,HIS-SOP-TA-001,4,scenario_single_choice,scenario_application,"Scenario: A job is urgent, but pay range and submission deadline are missing. What is the best response?",Escalate to the AM/manager and complete the missing intake fields before launching large-scale sourcing.,Ask the team to handle it informally because the situation is time-sensitive.,Treat the issue as resolved if a verbal confirmation was received.,Move forward quickly and document the exception only if a problem occurs.,A,"The best response applies the SOP control before the issue turns into a delivery, compliance, or communication failure.",scenario;edge_case
HIS-TRN-TA-001-Q05,HIS-TRN-TA-001,HIS-SOP-TA-001,5,single_choice,analysis,What is the most realistic misunderstanding that would weaken HIS-SOP-TA-001?,Using the approved system to make handoffs visible to managers and teammates.,Believing every completed record should also have a clear owner and due date.,Treating the intake and kickoff record as optional when the team is busy or the role is urgent.,Escalating blockers early when required information or approval is missing.,C,A common failure mode is treating the key artifact/control as optional under pressure; the other options are expected behaviors.,misunderstanding;risk
HIS-TRN-TA-001-Q06,HIS-TRN-TA-001,HIS-SOP-TA-001,6,single_choice,application,Who should own or verify the key control for HIS-SOP-TA-001?,"Only the newest team member working the task, because they are closest to the work.",Any person can close it without review if the outcome looks positive.,No assigned owner is needed if the team discusses it in a meeting.,Account Manager/Delivery Manager owns intake completeness; Recruiter confirms understanding before sourcing.,D,Ownership must match the SOP’s operating responsibility so accountability does not disappear in remote work.,ownership;manager_control
HIS-TRN-TA-001-Q07,HIS-TRN-TA-001,HIS-SOP-TA-001,7,scenario_single_choice,scenario_application,Scenario: The client lowers the bill rate after recruiters have already started outreach. What should happen next?,Continue using the old information because changing records mid-process creates extra work.,"Update the requisition, revalidate pay alignment, notify affected recruiters, and reassess candidate pipeline viability.",Keep the issue in a private note until the final outcome is known.,Let the person who discovered the issue decide without involving the required owner or workflow.,B,"The scenario tests the second-level application of the SOP when work changes, conflicts, or becomes risky.",scenario;second_scenario
HIS-TRN-TA-001-Q08,HIS-TRN-TA-001,HIS-SOP-TA-001,8,single_choice,evaluation,Which evidence would best show that HIS-SOP-TA-001 is working after rollout?,90%+ requisitions have complete intake before sourcing starts.,"Managers remember discussing the SOP, but there is no KPI, record, or compliance evidence.","The SOP exists in a folder, even if training, acknowledgment, and audits are incomplete.","Most employees say in chat that they understand the SOP, but no workflow data is reviewed.",A,"The success measure must connect the SOP to measurable adoption, quality, compliance, or business impact.",success_measure;kpi
HIS-TRN-TA-002-Q01,HIS-TRN-TA-002,HIS-SOP-TA-002,1,single_choice,understanding,"For HIS-SOP-TA-002 (sourcing and ownership), what is the primary business reason the SOP exists?","To focus mainly on activity volume even if records, handoffs, or quality controls are incomplete.",To provide optional reference guidance for sourcing and ownership that teams may adapt without approval.,"Controls sourcing quality, respectful outreach, duplicate prevention, candidate ownership, and submission consent/RTR.",To let managers bypass formal records when urgency is high and document later.,C,"The SOP exists to support the specific business outcome described for sourcing and ownership, not to create optional paperwork.",purpose;business_value
HIS-TRN-TA-002-Q02,HIS-TRN-TA-002,HIS-SOP-TA-002,2,single_choice,application,"Before contacting and owning candidates is treated as ready under HIS-SOP-TA-002, which control is required?","Start execution once the manager gives a verbal go-ahead, then add missing fields at week end.","Proceed if the candidate/client seems urgent, even if required records are not complete.","Duplicate search, source, outreach notes, interest confirmation, ownership, consent/RTR, and follow-up must be documented before submission.",Use the most recent email or chat thread as the only working standard.,C,Readiness requires the module-specific control to be completed and visible in the approved system.,required_control;readiness
HIS-TRN-TA-002-Q03,HIS-TRN-TA-002,HIS-SOP-TA-002,3,single_choice,application,Which record best proves HIS-SOP-TA-002 was followed for contacting and owning candidates?,"A generic completion message that does not include evidence, owner, or next step.",A verbal update in the daily standup with no system entry.,"Candidate profile with duplicate check, source, outreach history, interest, consent/RTR status, and owner.",A personal note or spreadsheet maintained by one team member only.,C,"The record must be specific enough for another team member or auditor to understand the action, status, and evidence.",documentation;system_record
HIS-TRN-TA-002-Q04,HIS-TRN-TA-002,HIS-SOP-TA-002,4,scenario_single_choice,scenario_application,Scenario: Two recruiters contact the same candidate for the same client role and both claim ownership. What is the best response?,Move forward quickly and document the exception only if a problem occurs.,Treat the issue as resolved if a verbal confirmation was received.,Check Ceipal history and escalate to the lead/manager to resolve ownership based on documented valid engagement.,Ask the team to handle it informally because the situation is time-sensitive.,C,"The best response applies the SOP control before the issue turns into a delivery, compliance, or communication failure.",scenario;edge_case
HIS-TRN-TA-002-Q05,HIS-TRN-TA-002,HIS-SOP-TA-002,5,single_choice,analysis,What is the most realistic misunderstanding that would weaken HIS-SOP-TA-002?,Believing every completed record should also have a clear owner and due date.,Treating the candidate ownership and consent record as optional when the team is busy or the role is urgent.,Escalating blockers early when required information or approval is missing.,Using the approved system to make handoffs visible to managers and teammates.,B,A common failure mode is treating the key artifact/control as optional under pressure; the other options are expected behaviors.,misunderstanding;risk
HIS-TRN-TA-002-Q06,HIS-TRN-TA-002,HIS-SOP-TA-002,6,single_choice,application,Who should own or verify the key control for HIS-SOP-TA-002?,No assigned owner is needed if the team discusses it in a meeting.,Recruiter owns accurate candidate record; Lead resolves ownership disputes.,Any person can close it without review if the outcome looks positive.,"Only the newest team member working the task, because they are closest to the work.",B,Ownership must match the SOP’s operating responsibility so accountability does not disappear in remote work.,ownership;manager_control
HIS-TRN-TA-002-Q07,HIS-TRN-TA-002,HIS-SOP-TA-002,7,scenario_single_choice,scenario_application,Scenario: A candidate says “send me details” but has not confirmed interest or submission consent. What should happen next?,Let the person who discovered the issue decide without involving the required owner or workflow.,Keep the issue in a private note until the final outcome is known.,Continue using the old information because changing records mid-process creates extra work.,"Do not submit; send clear details, confirm interest and consent/RTR where required, then document it.",D,"The scenario tests the second-level application of the SOP when work changes, conflicts, or becomes risky.",scenario;second_scenario
HIS-TRN-TA-002-Q08,HIS-TRN-TA-002,HIS-SOP-TA-002,8,single_choice,evaluation,Which evidence would best show that HIS-SOP-TA-002 is working after rollout?,"The SOP exists in a folder, even if training, acknowledgment, and audits are incomplete.","Managers remember discussing the SOP, but there is no KPI, record, or compliance evidence.",Duplicate records controlled and 100% consent/RTR captured where required.,"Most employees say in chat that they understand the SOP, but no workflow data is reviewed.",C,"The success measure must connect the SOP to measurable adoption, quality, compliance, or business impact.",success_measure;kpi
HIS-TRN-TA-003-Q01,HIS-TRN-TA-003,HIS-SOP-TA-003,1,single_choice,understanding,"For HIS-SOP-TA-003 (screening and submission QC), what is the primary business reason the SOP exists?","Raises submission quality by requiring qualification, screening notes, evidence, and manager/QC checks before client submission.",To provide optional reference guidance for screening and submission QC that teams may adapt without approval.,To let managers bypass formal records when urgency is high and document later.,"To focus mainly on activity volume even if records, handoffs, or quality controls are incomplete.",A,"The SOP exists to support the specific business outcome described for screening and submission QC, not to create optional paperwork.",purpose;business_value
HIS-TRN-TA-003-Q02,HIS-TRN-TA-003,HIS-SOP-TA-003,2,single_choice,application,"Before submitting a candidate is treated as ready under HIS-SOP-TA-003, which control is required?","Start execution once the manager gives a verbal go-ahead, then add missing fields at week end.","Must-have match, interest, pay/rate, availability, resume, screening notes, documents, and QC approval must be verified before submission.","Proceed if the candidate/client seems urgent, even if required records are not complete.",Use the most recent email or chat thread as the only working standard.,B,Readiness requires the module-specific control to be completed and visible in the approved system.,required_control;readiness
HIS-TRN-TA-003-Q03,HIS-TRN-TA-003,HIS-SOP-TA-003,3,single_choice,application,Which record best proves HIS-SOP-TA-003 was followed for submitting a candidate?,A personal note or spreadsheet maintained by one team member only.,"Screening notes, submission checklist, QC result, missing document status, and submission timestamp.","A generic completion message that does not include evidence, owner, or next step.",A verbal update in the daily standup with no system entry.,B,"The record must be specific enough for another team member or auditor to understand the action, status, and evidence.",documentation;system_record
HIS-TRN-TA-003-Q04,HIS-TRN-TA-003,HIS-SOP-TA-003,4,scenario_single_choice,scenario_application,Scenario: A candidate looks strong but has not confirmed shift availability and pay alignment. What is the best response?,Move forward quickly and document the exception only if a problem occurs.,Treat the issue as resolved if a verbal confirmation was received.,Hold submission until availability and pay alignment are confirmed and documented.,Ask the team to handle it informally because the situation is time-sensitive.,C,"The best response applies the SOP control before the issue turns into a delivery, compliance, or communication failure.",scenario;edge_case
HIS-TRN-TA-003-Q05,HIS-TRN-TA-003,HIS-SOP-TA-003,5,single_choice,analysis,What is the most realistic misunderstanding that would weaken HIS-SOP-TA-003?,Treating the submission QC checklist as optional when the team is busy or the role is urgent.,Believing every completed record should also have a clear owner and due date.,Escalating blockers early when required information or approval is missing.,Using the approved system to make handoffs visible to managers and teammates.,A,A common failure mode is treating the key artifact/control as optional under pressure; the other options are expected behaviors.,misunderstanding;risk
HIS-TRN-TA-003-Q06,HIS-TRN-TA-003,HIS-SOP-TA-003,6,single_choice,application,Who should own or verify the key control for HIS-SOP-TA-003?,Any person can close it without review if the outcome looks positive.,"Only the newest team member working the task, because they are closest to the work.",No assigned owner is needed if the team discusses it in a meeting.,Recruiter prepares; Lead/Manager performs QC when required before client/VMS submission.,D,Ownership must match the SOP’s operating responsibility so accountability does not disappear in remote work.,ownership;manager_control
HIS-TRN-TA-003-Q07,HIS-TRN-TA-003,HIS-SOP-TA-003,7,scenario_single_choice,scenario_application,Scenario: A recruiter has a qualified profile but no structured screening notes in Ceipal. What should happen next?,Keep the issue in a private note until the final outcome is known.,Add role-specific screening evidence before marking the candidate ready for submission.,Continue using the old information because changing records mid-process creates extra work.,Let the person who discovered the issue decide without involving the required owner or workflow.,B,"The scenario tests the second-level application of the SOP when work changes, conflicts, or becomes risky.",scenario;second_scenario
HIS-TRN-TA-003-Q08,HIS-TRN-TA-003,HIS-SOP-TA-003,8,single_choice,evaluation,Which evidence would best show that HIS-SOP-TA-003 is working after rollout?,"Managers remember discussing the SOP, but there is no KPI, record, or compliance evidence.","The SOP exists in a folder, even if training, acknowledgment, and audits are incomplete.","Most employees say in chat that they understand the SOP, but no workflow data is reviewed.",95%+ submission QC pass rate and reduced client rework.,D,"The success measure must connect the SOP to measurable adoption, quality, compliance, or business impact.",success_measure;kpi
HIS-TRN-TA-004-Q01,HIS-TRN-TA-004,HIS-SOP-TA-004,1,single_choice,understanding,"For HIS-SOP-TA-004 (interview-offer-start follow-through), what is the primary business reason the SOP exists?","To focus mainly on activity volume even if records, handoffs, or quality controls are incomplete.","Protects conversion after submission by ensuring interviews, offers, starts, and post-start check-ins are actively managed.",To provide optional reference guidance for interview-offer-start follow-through that teams may adapt without approval.,To let managers bypass formal records when urgency is high and document later.,B,"The SOP exists to support the specific business outcome described for interview-offer-start follow-through, not to create optional paperwork.",purpose;business_value
HIS-TRN-TA-004-Q02,HIS-TRN-TA-004,HIS-SOP-TA-004,2,single_choice,application,"Before managing post-submission progress is treated as ready under HIS-SOP-TA-004, which control is required?","Interview details, candidate prep, feedback, offer terms, start confirmation, and post-start check-ins must be actively tracked.","Start execution once the manager gives a verbal go-ahead, then add missing fields at week end.","Proceed if the candidate/client seems urgent, even if required records are not complete.",Use the most recent email or chat thread as the only working standard.,A,Readiness requires the module-specific control to be completed and visible in the approved system.,required_control;readiness
HIS-TRN-TA-004-Q03,HIS-TRN-TA-004,HIS-SOP-TA-004,3,single_choice,application,Which record best proves HIS-SOP-TA-004 was followed for managing post-submission progress?,"Interview schedule, prep confirmation, feedback, offer terms, start date, no-show/dropout reason, and post-start check-in notes.",A personal note or spreadsheet maintained by one team member only.,A verbal update in the daily standup with no system entry.,"A generic completion message that does not include evidence, owner, or next step.",A,"The record must be specific enough for another team member or auditor to understand the action, status, and evidence.",documentation;system_record
HIS-TRN-TA-004-Q04,HIS-TRN-TA-004,HIS-SOP-TA-004,4,scenario_single_choice,scenario_application,Scenario: A client sends interview availability but the candidate has not confirmed the time. What is the best response?,"Confirm candidate availability, send clear prep details, update Ceipal, and close the loop with the client/AM.",Treat the issue as resolved if a verbal confirmation was received.,Ask the team to handle it informally because the situation is time-sensitive.,Move forward quickly and document the exception only if a problem occurs.,A,"The best response applies the SOP control before the issue turns into a delivery, compliance, or communication failure.",scenario;edge_case
HIS-TRN-TA-004-Q05,HIS-TRN-TA-004,HIS-SOP-TA-004,5,single_choice,analysis,What is the most realistic misunderstanding that would weaken HIS-SOP-TA-004?,Escalating blockers early when required information or approval is missing.,Treating the interview/offer/start follow-through log as optional when the team is busy or the role is urgent.,Believing every completed record should also have a clear owner and due date.,Using the approved system to make handoffs visible to managers and teammates.,B,A common failure mode is treating the key artifact/control as optional under pressure; the other options are expected behaviors.,misunderstanding;risk
HIS-TRN-TA-004-Q06,HIS-TRN-TA-004,HIS-SOP-TA-004,6,single_choice,application,Who should own or verify the key control for HIS-SOP-TA-004?,Recruiter coordinates candidate; AM/Manager manages client feedback and escalation.,"Only the newest team member working the task, because they are closest to the work.",No assigned owner is needed if the team discusses it in a meeting.,Any person can close it without review if the outcome looks positive.,A,Ownership must match the SOP’s operating responsibility so accountability does not disappear in remote work.,ownership;manager_control
HIS-TRN-TA-004-Q07,HIS-TRN-TA-004,HIS-SOP-TA-004,7,scenario_single_choice,scenario_application,Scenario: A candidate accepts verbally but has concerns about start date paperwork. What should happen next?,Keep the issue in a private note until the final outcome is known.,"Document the concern, coordinate onboarding/support, confirm final terms in writing, and track start readiness.",Let the person who discovered the issue decide without involving the required owner or workflow.,Continue using the old information because changing records mid-process creates extra work.,B,"The scenario tests the second-level application of the SOP when work changes, conflicts, or becomes risky.",scenario;second_scenario
HIS-TRN-TA-004-Q08,HIS-TRN-TA-004,HIS-SOP-TA-004,8,single_choice,evaluation,Which evidence would best show that HIS-SOP-TA-004 is working after rollout?,"Most employees say in chat that they understand the SOP, but no workflow data is reviewed.","The SOP exists in a folder, even if training, acknowledgment, and audits are incomplete.",Improved interview-to-offer and offer-to-start conversion with fewer missed updates.,"Managers remember discussing the SOP, but there is no KPI, record, or compliance evidence.",C,"The success measure must connect the SOP to measurable adoption, quality, compliance, or business impact.",success_measure;kpi
HIS-TRN-HC-001-Q01,HIS-TRN-HC-001,HIS-SOP-HC-001,1,single_choice,understanding,"For HIS-SOP-HC-001 (healthcare credential readiness), what is the primary business reason the SOP exists?",To provide optional reference guidance for healthcare credential readiness that teams may adapt without approval.,To let managers bypass formal records when urgency is high and document later.,"To focus mainly on activity volume even if records, handoffs, or quality controls are incomplete.","Ensures healthcare candidates are credential-aware and packet-ready for roles requiring licenses, certifications, IDs, skills checklists, and program documents.",D,"The SOP exists to support the specific business outcome described for healthcare credential readiness, not to create optional paperwork.",purpose;business_value
HIS-TRN-HC-001-Q02,HIS-TRN-HC-001,HIS-SOP-HC-001,2,single_choice,application,"Before preparing a healthcare submission packet is treated as ready under HIS-SOP-HC-001, which control is required?","Role-specific licenses, certifications, IDs, skills checklist, expiration dates, and secure document status must be verified before packet submission.","Proceed if the candidate/client seems urgent, even if required records are not complete.",Use the most recent email or chat thread as the only working standard.,"Start execution once the manager gives a verbal go-ahead, then add missing fields at week end.",A,Readiness requires the module-specific control to be completed and visible in the approved system.,required_control;readiness
HIS-TRN-HC-001-Q03,HIS-TRN-HC-001,HIS-SOP-HC-001,3,single_choice,application,Which record best proves HIS-SOP-HC-001 was followed for preparing a healthcare submission packet?,"A generic completion message that does not include evidence, owner, or next step.",A personal note or spreadsheet maintained by one team member only.,"Credential checklist, expiration dates, document status, ProKred/packet progress, missing items, and compliance notes.",A verbal update in the daily standup with no system entry.,C,"The record must be specific enough for another team member or auditor to understand the action, status, and evidence.",documentation;system_record
HIS-TRN-HC-001-Q04,HIS-TRN-HC-001,HIS-SOP-HC-001,4,scenario_single_choice,scenario_application,Scenario: An RN candidate has a resume and license number but BLS expiration is unclear. What is the best response?,Treat the issue as resolved if a verbal confirmation was received.,Move forward quickly and document the exception only if a problem occurs.,Ask the team to handle it informally because the situation is time-sensitive.,Request/verify BLS details through the approved secure workflow and mark packet status pending until resolved.,D,"The best response applies the SOP control before the issue turns into a delivery, compliance, or communication failure.",scenario;edge_case
HIS-TRN-HC-001-Q05,HIS-TRN-HC-001,HIS-SOP-HC-001,5,single_choice,analysis,What is the most realistic misunderstanding that would weaken HIS-SOP-HC-001?,Believing every completed record should also have a clear owner and due date.,Escalating blockers early when required information or approval is missing.,Treating the credential packet readiness record as optional when the team is busy or the role is urgent.,Using the approved system to make handoffs visible to managers and teammates.,C,A common failure mode is treating the key artifact/control as optional under pressure; the other options are expected behaviors.,misunderstanding;risk
HIS-TRN-HC-001-Q06,HIS-TRN-HC-001,HIS-SOP-HC-001,6,single_choice,application,Who should own or verify the key control for HIS-SOP-HC-001?,No assigned owner is needed if the team discusses it in a meeting.,"Only the newest team member working the task, because they are closest to the work.",Any person can close it without review if the outcome looks positive.,Healthcare recruiter gathers; compliance/lead reviews packet completeness for applicable roles.,D,Ownership must match the SOP’s operating responsibility so accountability does not disappear in remote work.,ownership;manager_control
HIS-TRN-HC-001-Q07,HIS-TRN-HC-001,HIS-SOP-HC-001,7,scenario_single_choice,scenario_application,Scenario: A candidate sends IDs and certifications through an unsafe personal channel. What should happen next?,Let the person who discovered the issue decide without involving the required owner or workflow.,Move the process to the approved secure collection channel and avoid storing or forwarding documents casually.,Keep the issue in a private note until the final outcome is known.,Continue using the old information because changing records mid-process creates extra work.,B,"The scenario tests the second-level application of the SOP when work changes, conflicts, or becomes risky.",scenario;second_scenario
HIS-TRN-HC-001-Q08,HIS-TRN-HC-001,HIS-SOP-HC-001,8,single_choice,evaluation,Which evidence would best show that HIS-SOP-HC-001 is working after rollout?,95%+ healthcare credential packet completeness for applicable submissions.,"Most employees say in chat that they understand the SOP, but no workflow data is reviewed.","Managers remember discussing the SOP, but there is no KPI, record, or compliance evidence.","The SOP exists in a folder, even if training, acknowledgment, and audits are incomplete.",A,"The success measure must connect the SOP to measurable adoption, quality, compliance, or business impact.",success_measure;kpi
HIS-TRN-IT-001-Q01,HIS-TRN-IT-001,HIS-SOP-IT-001,1,single_choice,understanding,"For HIS-SOP-IT-001 (IT staffing delivery), what is the primary business reason the SOP exists?","Provides consistent IT role intake, technical screening, candidate positioning, rate alignment, and submission governance.","To focus mainly on activity volume even if records, handoffs, or quality controls are incomplete.",To let managers bypass formal records when urgency is high and document later.,To provide optional reference guidance for IT staffing delivery that teams may adapt without approval.,A,"The SOP exists to support the specific business outcome described for IT staffing delivery, not to create optional paperwork.",purpose;business_value
HIS-TRN-IT-001-Q02,HIS-TRN-IT-001,HIS-SOP-IT-001,2,single_choice,application,"Before screening an IT candidate is treated as ready under HIS-SOP-IT-001, which control is required?","Tech stack, domain fit, seniority, work authorization, availability, rate, resume evidence, and submission narrative must be validated.","Proceed if the candidate/client seems urgent, even if required records are not complete.","Start execution once the manager gives a verbal go-ahead, then add missing fields at week end.",Use the most recent email or chat thread as the only working standard.,A,Readiness requires the module-specific control to be completed and visible in the approved system.,required_control;readiness
HIS-TRN-IT-001-Q03,HIS-TRN-IT-001,HIS-SOP-IT-001,3,single_choice,application,Which record best proves HIS-SOP-IT-001 was followed for screening an IT candidate?,A personal note or spreadsheet maintained by one team member only.,A verbal update in the daily standup with no system entry.,"Technical screen notes, must-have skill evidence, work authorization handling, rate/availability, and submission narrative.","A generic completion message that does not include evidence, owner, or next step.",C,"The record must be specific enough for another team member or auditor to understand the action, status, and evidence.",documentation;system_record
HIS-TRN-IT-001-Q04,HIS-TRN-IT-001,HIS-SOP-IT-001,4,scenario_single_choice,scenario_application,"Scenario: A candidate lists React and AWS, but cannot explain recent hands-on project work. What is the best response?",Ask the team to handle it informally because the situation is time-sensitive.,Move forward quickly and document the exception only if a problem occurs.,Treat the issue as resolved if a verbal confirmation was received.,Document the gap and avoid positioning the candidate as a strong hands-on match unless evidence supports it.,D,"The best response applies the SOP control before the issue turns into a delivery, compliance, or communication failure.",scenario;edge_case
HIS-TRN-IT-001-Q05,HIS-TRN-IT-001,HIS-SOP-IT-001,5,single_choice,analysis,What is the most realistic misunderstanding that would weaken HIS-SOP-IT-001?,Believing every completed record should also have a clear owner and due date.,Using the approved system to make handoffs visible to managers and teammates.,Escalating blockers early when required information or approval is missing.,Treating the technical screening and submission governance record as optional when the team is busy or the role is urgent.,D,A common failure mode is treating the key artifact/control as optional under pressure; the other options are expected behaviors.,misunderstanding;risk
HIS-TRN-IT-001-Q06,HIS-TRN-IT-001,HIS-SOP-IT-001,6,single_choice,application,Who should own or verify the key control for HIS-SOP-IT-001?,Any person can close it without review if the outcome looks positive.,No assigned owner is needed if the team discusses it in a meeting.,"Only the newest team member working the task, because they are closest to the work.",IT recruiter validates facts; senior/manager reviews complex technical fit or rate risk.,D,Ownership must match the SOP’s operating responsibility so accountability does not disappear in remote work.,ownership;manager_control
HIS-TRN-IT-001-Q07,HIS-TRN-IT-001,HIS-SOP-IT-001,7,scenario_single_choice,scenario_application,"Scenario: A client requires onsite work in California, but the candidate is remote-only. What should happen next?",Let the person who discovered the issue decide without involving the required owner or workflow.,Continue using the old information because changing records mid-process creates extra work.,Keep the issue in a private note until the final outcome is known.,Do not submit as aligned; clarify flexibility or route the candidate to a better-fit role.,D,"The scenario tests the second-level application of the SOP when work changes, conflicts, or becomes risky.",scenario;second_scenario
HIS-TRN-IT-001-Q08,HIS-TRN-IT-001,HIS-SOP-IT-001,8,single_choice,evaluation,Which evidence would best show that HIS-SOP-IT-001 is working after rollout?,"Managers remember discussing the SOP, but there is no KPI, record, or compliance evidence.","Most employees say in chat that they understand the SOP, but no workflow data is reviewed.","Better technical fit, fewer weak resumes, and improved submission-to-interview conversion.","The SOP exists in a folder, even if training, acknowledgment, and audits are incomplete.",C,"The success measure must connect the SOP to measurable adoption, quality, compliance, or business impact.",success_measure;kpi
HIS-TRN-ENG-001-Q01,HIS-TRN-ENG-001,HIS-SOP-ENG-001,1,single_choice,understanding,"For HIS-SOP-ENG-001 (engineering/professional services delivery), what is the primary business reason the SOP exists?","To focus mainly on activity volume even if records, handoffs, or quality controls are incomplete.",To let managers bypass formal records when urgency is high and document later.,"Extends delivery discipline beyond healthcare and IT into engineering, professional services, finance, admin, operations, and other specialized roles.",To provide optional reference guidance for engineering/professional services delivery that teams may adapt without approval.,C,"The SOP exists to support the specific business outcome described for engineering/professional services delivery, not to create optional paperwork.",purpose;business_value
HIS-TRN-ENG-001-Q02,HIS-TRN-ENG-001,HIS-SOP-ENG-001,2,single_choice,application,"Before working non-healthcare and non-IT professional roles is treated as ready under HIS-SOP-ENG-001, which control is required?","Vertical context, must-haves, licenses/certs/portfolio needs, professional evidence, and role-specific screening must be captured.",Use the most recent email or chat thread as the only working standard.,"Start execution once the manager gives a verbal go-ahead, then add missing fields at week end.","Proceed if the candidate/client seems urgent, even if required records are not complete.",A,Readiness requires the module-specific control to be completed and visible in the approved system.,required_control;readiness
HIS-TRN-ENG-001-Q03,HIS-TRN-ENG-001,HIS-SOP-ENG-001,3,single_choice,application,Which record best proves HIS-SOP-ENG-001 was followed for working non-healthcare and non-IT professional roles?,"Vertical context notes, qualification evidence, required credential/portfolio status, and screening summary.",A verbal update in the daily standup with no system entry.,"A generic completion message that does not include evidence, owner, or next step.",A personal note or spreadsheet maintained by one team member only.,A,"The record must be specific enough for another team member or auditor to understand the action, status, and evidence.",documentation;system_record
HIS-TRN-ENG-001-Q04,HIS-TRN-ENG-001,HIS-SOP-ENG-001,4,scenario_single_choice,scenario_application,Scenario: A recruiter treats a finance operations role like a generic admin role and ignores domain experience. What is the best response?,Move forward quickly and document the exception only if a problem occurs.,Revisit the vertical context and screen for role-specific evidence before sourcing or submission.,Treat the issue as resolved if a verbal confirmation was received.,Ask the team to handle it informally because the situation is time-sensitive.,B,"The best response applies the SOP control before the issue turns into a delivery, compliance, or communication failure.",scenario;edge_case
HIS-TRN-ENG-001-Q05,HIS-TRN-ENG-001,HIS-SOP-ENG-001,5,single_choice,analysis,What is the most realistic misunderstanding that would weaken HIS-SOP-ENG-001?,Believing every completed record should also have a clear owner and due date.,Using the approved system to make handoffs visible to managers and teammates.,Escalating blockers early when required information or approval is missing.,Treating the vertical delivery evidence record as optional when the team is busy or the role is urgent.,D,A common failure mode is treating the key artifact/control as optional under pressure; the other options are expected behaviors.,misunderstanding;risk
HIS-TRN-ENG-001-Q06,HIS-TRN-ENG-001,HIS-SOP-ENG-001,6,single_choice,application,Who should own or verify the key control for HIS-SOP-ENG-001?,Any person can close it without review if the outcome looks positive.,No assigned owner is needed if the team discusses it in a meeting.,Recruiter validates domain evidence; manager confirms vertical-specific delivery standard.,"Only the newest team member working the task, because they are closest to the work.",C,Ownership must match the SOP’s operating responsibility so accountability does not disappear in remote work.,ownership;manager_control
HIS-TRN-ENG-001-Q07,HIS-TRN-ENG-001,HIS-SOP-ENG-001,7,scenario_single_choice,scenario_application,"Scenario: An engineering role requires a license/portfolio, but the candidate only provided a generic resume. What should happen next?",Let the person who discovered the issue decide without involving the required owner or workflow.,Keep the issue in a private note until the final outcome is known.,Request the required evidence or mark the candidate not submission-ready.,Continue using the old information because changing records mid-process creates extra work.,C,"The scenario tests the second-level application of the SOP when work changes, conflicts, or becomes risky.",scenario;second_scenario
HIS-TRN-ENG-001-Q08,HIS-TRN-ENG-001,HIS-SOP-ENG-001,8,single_choice,evaluation,Which evidence would best show that HIS-SOP-ENG-001 is working after rollout?,"Managers remember discussing the SOP, but there is no KPI, record, or compliance evidence.",Consistent delivery standards across Engineering and Professional Services roles.,"Most employees say in chat that they understand the SOP, but no workflow data is reviewed.","The SOP exists in a folder, even if training, acknowledgment, and audits are incomplete.",B,"The success measure must connect the SOP to measurable adoption, quality, compliance, or business impact.",success_measure;kpi
HIS-TRN-SALES-001-Q01,HIS-TRN-SALES-001,HIS-SOP-SALES-001,1,single_choice,understanding,"For HIS-SOP-SALES-001 (client/MSP/VMS and rate governance), what is the primary business reason the SOP exists?","Controls client communication, MSP/VMS rules, rate/margin decisions, escalations, submission formats, and feedback loops.","To focus mainly on activity volume even if records, handoffs, or quality controls are incomplete.",To provide optional reference guidance for client/MSP/VMS and rate governance that teams may adapt without approval.,To let managers bypass formal records when urgency is high and document later.,A,"The SOP exists to support the specific business outcome described for client/MSP/VMS and rate governance, not to create optional paperwork.",purpose;business_value
HIS-TRN-SALES-001-Q02,HIS-TRN-SALES-001,HIS-SOP-SALES-001,2,single_choice,application,"Before managing client or MSP/VMS requirements is treated as ready under HIS-SOP-SALES-001, which control is required?","Client requirements, MSP/VMS rules, rate/margin guardrails, authorized communication channel, escalation path, and feedback loop must be documented.","Start execution once the manager gives a verbal go-ahead, then add missing fields at week end.","Proceed if the candidate/client seems urgent, even if required records are not complete.",Use the most recent email or chat thread as the only working standard.,A,Readiness requires the module-specific control to be completed and visible in the approved system.,required_control;readiness
HIS-TRN-SALES-001-Q03,HIS-TRN-SALES-001,HIS-SOP-SALES-001,3,single_choice,application,Which record best proves HIS-SOP-SALES-001 was followed for managing client or MSP/VMS requirements?,A verbal update in the daily standup with no system entry.,"Client requirement notes, VMS rules, rate/margin approval, communication channel, escalation log, and feedback history.",A personal note or spreadsheet maintained by one team member only.,"A generic completion message that does not include evidence, owner, or next step.",B,"The record must be specific enough for another team member or auditor to understand the action, status, and evidence.",documentation;system_record
HIS-TRN-SALES-001-Q04,HIS-TRN-SALES-001,HIS-SOP-SALES-001,4,scenario_single_choice,scenario_application,Scenario: A recruiter wants to contact a client hiring manager directly although the MSP requires all communication through VMS. What is the best response?,Treat the issue as resolved if a verbal confirmation was received.,Follow MSP/VMS communication rules and escalate through the approved account channel.,Ask the team to handle it informally because the situation is time-sensitive.,Move forward quickly and document the exception only if a problem occurs.,B,"The best response applies the SOP control before the issue turns into a delivery, compliance, or communication failure.",scenario;edge_case
HIS-TRN-SALES-001-Q05,HIS-TRN-SALES-001,HIS-SOP-SALES-001,5,single_choice,analysis,What is the most realistic misunderstanding that would weaken HIS-SOP-SALES-001?,Believing every completed record should also have a clear owner and due date.,Using the approved system to make handoffs visible to managers and teammates.,Escalating blockers early when required information or approval is missing.,Treating the client communication and rate governance record as optional when the team is busy or the role is urgent.,D,A common failure mode is treating the key artifact/control as optional under pressure; the other options are expected behaviors.,misunderstanding;risk
HIS-TRN-SALES-001-Q06,HIS-TRN-SALES-001,HIS-SOP-SALES-001,6,single_choice,application,Who should own or verify the key control for HIS-SOP-SALES-001?,AM/Sales owns client/rate governance; delivery manager aligns recruiters.,No assigned owner is needed if the team discusses it in a meeting.,"Only the newest team member working the task, because they are closest to the work.",Any person can close it without review if the outcome looks positive.,A,Ownership must match the SOP’s operating responsibility so accountability does not disappear in remote work.,ownership;manager_control
HIS-TRN-SALES-001-Q07,HIS-TRN-SALES-001,HIS-SOP-SALES-001,7,scenario_single_choice,scenario_application,Scenario: A client asks for a lower bill rate that may break margin. What should happen next?,Let the person who discovered the issue decide without involving the required owner or workflow.,Keep the issue in a private note until the final outcome is known.,Route the exception for approval and document the rate decision before committing.,Continue using the old information because changing records mid-process creates extra work.,C,"The scenario tests the second-level application of the SOP when work changes, conflicts, or becomes risky.",scenario;second_scenario
HIS-TRN-SALES-001-Q08,HIS-TRN-SALES-001,HIS-SOP-SALES-001,8,single_choice,evaluation,Which evidence would best show that HIS-SOP-SALES-001 is working after rollout?,"Most employees say in chat that they understand the SOP, but no workflow data is reviewed.","The SOP exists in a folder, even if training, acknowledgment, and audits are incomplete.","Managers remember discussing the SOP, but there is no KPI, record, or compliance evidence.",100% rate/margin exceptions documented and fewer client communication gaps.,D,"The success measure must connect the SOP to measurable adoption, quality, compliance, or business impact.",success_measure;kpi
HIS-TRN-BD-001-Q01,HIS-TRN-BD-001,HIS-SOP-BD-001,1,single_choice,understanding,"For HIS-SOP-BD-001 (business development and onboarding), what is the primary business reason the SOP exists?","To focus mainly on activity volume even if records, handoffs, or quality controls are incomplete.","Standardizes how Hire'in prospects new clients, qualifies opportunities, prepares proposals/RFPs, and hands new accounts to delivery.",To let managers bypass formal records when urgency is high and document later.,To provide optional reference guidance for business development and onboarding that teams may adapt without approval.,B,"The SOP exists to support the specific business outcome described for business development and onboarding, not to create optional paperwork.",purpose;business_value
HIS-TRN-BD-001-Q02,HIS-TRN-BD-001,HIS-SOP-BD-001,2,single_choice,application,"Before bringing in a new client opportunity is treated as ready under HIS-SOP-BD-001, which control is required?","Proceed if the candidate/client seems urgent, even if required records are not complete.","Start execution once the manager gives a verbal go-ahead, then add missing fields at week end.","Prospect qualification, discovery, needs, proposal/RFP approval, commercial terms, and delivery handoff must be structured.",Use the most recent email or chat thread as the only working standard.,C,Readiness requires the module-specific control to be completed and visible in the approved system.,required_control;readiness
HIS-TRN-BD-001-Q03,HIS-TRN-BD-001,HIS-SOP-BD-001,3,single_choice,application,Which record best proves HIS-SOP-BD-001 was followed for bringing in a new client opportunity?,"A generic completion message that does not include evidence, owner, or next step.","Prospect profile, discovery notes, proposal/RFP status, approved terms, client onboarding checklist, and handoff notes.",A personal note or spreadsheet maintained by one team member only.,A verbal update in the daily standup with no system entry.,B,"The record must be specific enough for another team member or auditor to understand the action, status, and evidence.",documentation;system_record
HIS-TRN-BD-001-Q04,HIS-TRN-BD-001,HIS-SOP-BD-001,4,scenario_single_choice,scenario_application,Scenario: A prospect asks for immediate candidate profiles before terms or requirement details are confirmed. What is the best response?,"Complete discovery, confirm commercial path/terms, and align delivery handoff before sending profiles.",Ask the team to handle it informally because the situation is time-sensitive.,Treat the issue as resolved if a verbal confirmation was received.,Move forward quickly and document the exception only if a problem occurs.,A,"The best response applies the SOP control before the issue turns into a delivery, compliance, or communication failure.",scenario;edge_case
HIS-TRN-BD-001-Q05,HIS-TRN-BD-001,HIS-SOP-BD-001,5,single_choice,analysis,What is the most realistic misunderstanding that would weaken HIS-SOP-BD-001?,Treating the BD opportunity and client onboarding record as optional when the team is busy or the role is urgent.,Believing every completed record should also have a clear owner and due date.,Escalating blockers early when required information or approval is missing.,Using the approved system to make handoffs visible to managers and teammates.,A,A common failure mode is treating the key artifact/control as optional under pressure; the other options are expected behaviors.,misunderstanding;risk
HIS-TRN-BD-001-Q06,HIS-TRN-BD-001,HIS-SOP-BD-001,6,single_choice,application,Who should own or verify the key control for HIS-SOP-BD-001?,BD/Sales owns prospecting and proposal; AM/Delivery owns handoff to execution.,Any person can close it without review if the outcome looks positive.,"Only the newest team member working the task, because they are closest to the work.",No assigned owner is needed if the team discusses it in a meeting.,A,Ownership must match the SOP’s operating responsibility so accountability does not disappear in remote work.,ownership;manager_control
HIS-TRN-BD-001-Q07,HIS-TRN-BD-001,HIS-SOP-BD-001,7,scenario_single_choice,scenario_application,Scenario: A proposal promises 24-hour turnaround without delivery validation. What should happen next?,Continue using the old information because changing records mid-process creates extra work.,Keep the issue in a private note until the final outcome is known.,Validate delivery capacity and approval before committing the SLA in writing.,Let the person who discovered the issue decide without involving the required owner or workflow.,C,"The scenario tests the second-level application of the SOP when work changes, conflicts, or becomes risky.",scenario;second_scenario
HIS-TRN-BD-001-Q08,HIS-TRN-BD-001,HIS-SOP-BD-001,8,single_choice,evaluation,Which evidence would best show that HIS-SOP-BD-001 is working after rollout?,"The SOP exists in a folder, even if training, acknowledgment, and audits are incomplete.","Managers remember discussing the SOP, but there is no KPI, record, or compliance evidence.","Most employees say in chat that they understand the SOP, but no workflow data is reviewed.",More qualified opportunities and smoother client onboarding to delivery.,D,"The success measure must connect the SOP to measurable adoption, quality, compliance, or business impact.",success_measure;kpi
HIS-TRN-MKT-001-Q01,HIS-TRN-MKT-001,HIS-SOP-MKT-001,1,single_choice,understanding,"For HIS-SOP-MKT-001 (marketing and lead generation), what is the primary business reason the SOP exists?",To let managers bypass formal records when urgency is high and document later.,To provide optional reference guidance for marketing and lead generation that teams may adapt without approval.,"Turns marketing into a delivery accelerator by standardizing brand voice, candidate attraction, client credibility, insights, content approvals, and lead generation.","To focus mainly on activity volume even if records, handoffs, or quality controls are incomplete.",C,"The SOP exists to support the specific business outcome described for marketing and lead generation, not to create optional paperwork.",purpose;business_value
HIS-TRN-MKT-001-Q02,HIS-TRN-MKT-001,HIS-SOP-MKT-001,2,single_choice,application,"Before publishing staffing content or campaigns is treated as ready under HIS-SOP-MKT-001, which control is required?","Audience, message, claim basis, CTA, review/approval, publishing calendar, and lead routing must be documented.","Start execution once the manager gives a verbal go-ahead, then add missing fields at week end.","Proceed if the candidate/client seems urgent, even if required records are not complete.",Use the most recent email or chat thread as the only working standard.,A,Readiness requires the module-specific control to be completed and visible in the approved system.,required_control;readiness
HIS-TRN-MKT-001-Q03,HIS-TRN-MKT-001,HIS-SOP-MKT-001,3,single_choice,application,Which record best proves HIS-SOP-MKT-001 was followed for publishing staffing content or campaigns?,A personal note or spreadsheet maintained by one team member only.,A verbal update in the daily standup with no system entry.,"A generic completion message that does not include evidence, owner, or next step.","Content brief, source/claim basis, approval status, CTA, publishing date, campaign owner, and lead handoff.",D,"The record must be specific enough for another team member or auditor to understand the action, status, and evidence.",documentation;system_record
HIS-TRN-MKT-001-Q04,HIS-TRN-MKT-001,HIS-SOP-MKT-001,4,scenario_single_choice,scenario_application,Scenario: A post claims Hire’in fills roles in hours without evidence or approval. What is the best response?,Ask the team to handle it informally because the situation is time-sensitive.,Treat the issue as resolved if a verbal confirmation was received.,Revise the claim to evidence-supported language and route it through the content approval workflow.,Move forward quickly and document the exception only if a problem occurs.,C,"The best response applies the SOP control before the issue turns into a delivery, compliance, or communication failure.",scenario;edge_case
HIS-TRN-MKT-001-Q05,HIS-TRN-MKT-001,HIS-SOP-MKT-001,5,single_choice,analysis,What is the most realistic misunderstanding that would weaken HIS-SOP-MKT-001?,Escalating blockers early when required information or approval is missing.,Treating the content approval and lead-generation record as optional when the team is busy or the role is urgent.,Believing every completed record should also have a clear owner and due date.,Using the approved system to make handoffs visible to managers and teammates.,B,A common failure mode is treating the key artifact/control as optional under pressure; the other options are expected behaviors.,misunderstanding;risk
HIS-TRN-MKT-001-Q06,HIS-TRN-MKT-001,HIS-SOP-MKT-001,6,single_choice,application,Who should own or verify the key control for HIS-SOP-MKT-001?,"Only the newest team member working the task, because they are closest to the work.",Marketing drafts; reviewer/CMO/CEO approves claims and publishing where required.,Any person can close it without review if the outcome looks positive.,No assigned owner is needed if the team discusses it in a meeting.,B,Ownership must match the SOP’s operating responsibility so accountability does not disappear in remote work.,ownership;manager_control
HIS-TRN-MKT-001-Q07,HIS-TRN-MKT-001,HIS-SOP-MKT-001,7,scenario_single_choice,scenario_application,Scenario: A LinkedIn campaign generates leads but no one owns follow-up. What should happen next?,Continue using the old information because changing records mid-process creates extra work.,Assign lead ownership and route leads to BD/Sales with follow-up status tracked.,Keep the issue in a private note until the final outcome is known.,Let the person who discovered the issue decide without involving the required owner or workflow.,B,"The scenario tests the second-level application of the SOP when work changes, conflicts, or becomes risky.",scenario;second_scenario
HIS-TRN-MKT-001-Q08,HIS-TRN-MKT-001,HIS-SOP-MKT-001,8,single_choice,evaluation,Which evidence would best show that HIS-SOP-MKT-001 is working after rollout?,"Consistent brand voice, approved claims, and trackable leads from content.","The SOP exists in a folder, even if training, acknowledgment, and audits are incomplete.","Managers remember discussing the SOP, but there is no KPI, record, or compliance evidence.","Most employees say in chat that they understand the SOP, but no workflow data is reviewed.",A,"The success measure must connect the SOP to measurable adoption, quality, compliance, or business impact.",success_measure;kpi
HIS-TRN-CX-001-Q01,HIS-TRN-CX-001,HIS-SOP-CX-001,1,single_choice,understanding,"For HIS-SOP-CX-001 (candidate experience), what is the primary business reason the SOP exists?",To let managers bypass formal records when urgency is high and document later.,"To focus mainly on activity volume even if records, handoffs, or quality controls are incomplete.",To provide optional reference guidance for candidate experience that teams may adapt without approval.,"Makes candidate communication, rejection handling, interview prep, placement follow-up, re-engagement, and referrals consistent.",D,"The SOP exists to support the specific business outcome described for candidate experience, not to create optional paperwork.",purpose;business_value
HIS-TRN-CX-001-Q02,HIS-TRN-CX-001,HIS-SOP-CX-001,2,single_choice,application,"Before communicating with candidates across the lifecycle is treated as ready under HIS-SOP-CX-001, which control is required?","Proceed if the candidate/client seems urgent, even if required records are not complete.",Use the most recent email or chat thread as the only working standard.,"Role explanation, next steps, communication log, follow-up date, rejection/feedback handling, and re-engagement plan must be maintained.","Start execution once the manager gives a verbal go-ahead, then add missing fields at week end.",C,Readiness requires the module-specific control to be completed and visible in the approved system.,required_control;readiness
HIS-TRN-CX-001-Q03,HIS-TRN-CX-001,HIS-SOP-CX-001,3,single_choice,application,Which record best proves HIS-SOP-CX-001 was followed for communicating with candidates across the lifecycle?,"Candidate communication notes, next step, SLA status, rejection/dropout reason, re-engagement tag, and follow-up date.","A generic completion message that does not include evidence, owner, or next step.",A personal note or spreadsheet maintained by one team member only.,A verbal update in the daily standup with no system entry.,A,"The record must be specific enough for another team member or auditor to understand the action, status, and evidence.",documentation;system_record
HIS-TRN-CX-001-Q04,HIS-TRN-CX-001,HIS-SOP-CX-001,4,scenario_single_choice,scenario_application,Scenario: A candidate interviewed but has not received an update for several days. What is the best response?,Move forward quickly and document the exception only if a problem occurs.,"Send a professional status update, document the communication, and escalate delayed client feedback if needed.",Treat the issue as resolved if a verbal confirmation was received.,Ask the team to handle it informally because the situation is time-sensitive.,B,"The best response applies the SOP control before the issue turns into a delivery, compliance, or communication failure.",scenario;edge_case
HIS-TRN-CX-001-Q05,HIS-TRN-CX-001,HIS-SOP-CX-001,5,single_choice,analysis,What is the most realistic misunderstanding that would weaken HIS-SOP-CX-001?,Escalating blockers early when required information or approval is missing.,Using the approved system to make handoffs visible to managers and teammates.,Believing every completed record should also have a clear owner and due date.,Treating the candidate communication and re-engagement record as optional when the team is busy or the role is urgent.,D,A common failure mode is treating the key artifact/control as optional under pressure; the other options are expected behaviors.,misunderstanding;risk
HIS-TRN-CX-001-Q06,HIS-TRN-CX-001,HIS-SOP-CX-001,6,single_choice,application,Who should own or verify the key control for HIS-SOP-CX-001?,"Only the newest team member working the task, because they are closest to the work.",Any person can close it without review if the outcome looks positive.,No assigned owner is needed if the team discusses it in a meeting.,Recruiter owns candidate communication; lead/manager audits SLA and quality.,D,Ownership must match the SOP’s operating responsibility so accountability does not disappear in remote work.,ownership;manager_control
HIS-TRN-CX-001-Q07,HIS-TRN-CX-001,HIS-SOP-CX-001,7,scenario_single_choice,scenario_application,Scenario: A candidate is rejected but is strong for future roles. What should happen next?,Continue using the old information because changing records mid-process creates extra work.,Let the person who discovered the issue decide without involving the required owner or workflow.,Keep the issue in a private note until the final outcome is known.,"Communicate respectfully, document the reason, and tag for re-engagement with future-fit notes.",D,"The scenario tests the second-level application of the SOP when work changes, conflicts, or becomes risky.",scenario;second_scenario
HIS-TRN-CX-001-Q08,HIS-TRN-CX-001,HIS-SOP-CX-001,8,single_choice,evaluation,Which evidence would best show that HIS-SOP-CX-001 is working after rollout?,"Managers remember discussing the SOP, but there is no KPI, record, or compliance evidence.","Most employees say in chat that they understand the SOP, but no workflow data is reviewed.","The SOP exists in a folder, even if training, acknowledgment, and audits are incomplete.",90%+ candidate communication SLA adherence and improved candidate trust/referrals.,D,"The success measure must connect the SOP to measurable adoption, quality, compliance, or business impact.",success_measure;kpi
HIS-TRN-PLAT-001-Q01,HIS-TRN-PLAT-001,HIS-SOP-PLAT-001,1,single_choice,understanding,"For HIS-SOP-PLAT-001 (KleriQ and ProKred platform usage), what is the primary business reason the SOP exists?","To focus mainly on activity volume even if records, handoffs, or quality controls are incomplete.",To let managers bypass formal records when urgency is high and document later.,Clarifies how employees should position and use KleriQ and ProKred as separate SaaS platforms used by Hire'in as pilot/design-partner tools.,To provide optional reference guidance for KleriQ and ProKred platform usage that teams may adapt without approval.,C,"The SOP exists to support the specific business outcome described for KleriQ and ProKred platform usage, not to create optional paperwork.",purpose;business_value
HIS-TRN-PLAT-001-Q02,HIS-TRN-PLAT-001,HIS-SOP-PLAT-001,2,single_choice,application,"Before explaining third-party SaaS tools to candidates/team members is treated as ready under HIS-SOP-PLAT-001, which control is required?","Correct platform explanation, candidate consent, approved script, separate SaaS positioning, and no false mandatory/security claims are required.","Start execution once the manager gives a verbal go-ahead, then add missing fields at week end.","Proceed if the candidate/client seems urgent, even if required records are not complete.",Use the most recent email or chat thread as the only working standard.,A,Readiness requires the module-specific control to be completed and visible in the approved system.,required_control;readiness
HIS-TRN-PLAT-001-Q03,HIS-TRN-PLAT-001,HIS-SOP-PLAT-001,3,single_choice,application,Which record best proves HIS-SOP-PLAT-001 was followed for explaining third-party SaaS tools to candidates/team members?,"A generic completion message that does not include evidence, owner, or next step.",A personal note or spreadsheet maintained by one team member only.,A verbal update in the daily standup with no system entry.,"Platform usage note, consent/acknowledgment where applicable, approved script use, and candidate/progress status.",D,"The record must be specific enough for another team member or auditor to understand the action, status, and evidence.",documentation;system_record
HIS-TRN-PLAT-001-Q04,HIS-TRN-PLAT-001,HIS-SOP-PLAT-001,4,scenario_single_choice,scenario_application,Scenario: A recruiter tells a candidate “ProKred is just our internal Hire’in form and you must use it for everything.” What is the best response?,Move forward quickly and document the exception only if a problem occurs.,Correct the explanation: ProKred is a separate candidate-friendly SaaS platform used where appropriate for secure documentation and packet readiness.,Ask the team to handle it informally because the situation is time-sensitive.,Treat the issue as resolved if a verbal confirmation was received.,B,"The best response applies the SOP control before the issue turns into a delivery, compliance, or communication failure.",scenario;edge_case
HIS-TRN-PLAT-001-Q05,HIS-TRN-PLAT-001,HIS-SOP-PLAT-001,5,single_choice,analysis,What is the most realistic misunderstanding that would weaken HIS-SOP-PLAT-001?,Using the approved system to make handoffs visible to managers and teammates.,Treating the approved platform explanation and usage record as optional when the team is busy or the role is urgent.,Escalating blockers early when required information or approval is missing.,Believing every completed record should also have a clear owner and due date.,B,A common failure mode is treating the key artifact/control as optional under pressure; the other options are expected behaviors.,misunderstanding;risk
HIS-TRN-PLAT-001-Q06,HIS-TRN-PLAT-001,HIS-SOP-PLAT-001,6,single_choice,application,Who should own or verify the key control for HIS-SOP-PLAT-001?,Any person can close it without review if the outcome looks positive.,Recruiters use approved messaging; management owns positioning and commercial boundaries.,No assigned owner is needed if the team discusses it in a meeting.,"Only the newest team member working the task, because they are closest to the work.",B,Ownership must match the SOP’s operating responsibility so accountability does not disappear in remote work.,ownership;manager_control
HIS-TRN-PLAT-001-Q07,HIS-TRN-PLAT-001,HIS-SOP-PLAT-001,7,scenario_single_choice,scenario_application,Scenario: A client asks whether KleriQ makes final candidate decisions. What should happen next?,Keep the issue in a private note until the final outcome is known.,Continue using the old information because changing records mid-process creates extra work.,Let the person who discovered the issue decide without involving the required owner or workflow.,"Explain that KleriQ supports requirement clarity; trained humans remain responsible for screening, quality, and final submission decisions.",D,"The scenario tests the second-level application of the SOP when work changes, conflicts, or becomes risky.",scenario;second_scenario
HIS-TRN-PLAT-001-Q08,HIS-TRN-PLAT-001,HIS-SOP-PLAT-001,8,single_choice,evaluation,Which evidence would best show that HIS-SOP-PLAT-001 is working after rollout?,Correct platform adoption without confusing ProKred/KleriQ as internal-only tools.,"Most employees say in chat that they understand the SOP, but no workflow data is reviewed.","Managers remember discussing the SOP, but there is no KPI, record, or compliance evidence.","The SOP exists in a folder, even if training, acknowledgment, and audits are incomplete.",A,"The success measure must connect the SOP to measurable adoption, quality, compliance, or business impact.",success_measure;kpi
HIS-TRN-LEGAL-001-Q01,HIS-TRN-LEGAL-001,HIS-SOP-LEGAL-001,1,single_choice,understanding,"For HIS-SOP-LEGAL-001 (legal/privacy/compliance), what is the primary business reason the SOP exists?","To focus mainly on activity volume even if records, handoffs, or quality controls are incomplete.",To let managers bypass formal records when urgency is high and document later.,"Reduces legal and compliance risk in contracts, NDAs, candidate data, privacy, job-related screening, work authorization, and escalation.",To provide optional reference guidance for legal/privacy/compliance that teams may adapt without approval.,C,"The SOP exists to support the specific business outcome described for legal/privacy/compliance, not to create optional paperwork.",purpose;business_value
HIS-TRN-LEGAL-001-Q02,HIS-TRN-LEGAL-001,HIS-SOP-LEGAL-001,2,single_choice,application,"Before handling contracts, privacy, EEOC, and work authorization risks is treated as ready under HIS-SOP-LEGAL-001, which control is required?","Proceed if the candidate/client seems urgent, even if required records are not complete.",Use the most recent email or chat thread as the only working standard.,"Privacy risk, contract/NDA routing, job-related selection criteria, work authorization handling, and escalation must be documented.","Start execution once the manager gives a verbal go-ahead, then add missing fields at week end.",C,Readiness requires the module-specific control to be completed and visible in the approved system.,required_control;readiness
HIS-TRN-LEGAL-001-Q03,HIS-TRN-LEGAL-001,HIS-SOP-LEGAL-001,3,single_choice,application,"Which record best proves HIS-SOP-LEGAL-001 was followed for handling contracts, privacy, EEOC, and work authorization risks?","A generic completion message that does not include evidence, owner, or next step.","Legal/compliance review status, privacy assessment, contract/NDA route, selection criteria notes, and escalation outcome.",A verbal update in the daily standup with no system entry.,A personal note or spreadsheet maintained by one team member only.,B,"The record must be specific enough for another team member or auditor to understand the action, status, and evidence.",documentation;system_record
HIS-TRN-LEGAL-001-Q04,HIS-TRN-LEGAL-001,HIS-SOP-LEGAL-001,4,scenario_single_choice,scenario_application,Scenario: A client says they only want candidates of a certain age range for a role. What is the best response?,Ask the team to handle it informally because the situation is time-sensitive.,Treat the issue as resolved if a verbal confirmation was received.,Do not act on the preference; escalate as a potentially discriminatory request and keep screening job-related.,Move forward quickly and document the exception only if a problem occurs.,C,"The best response applies the SOP control before the issue turns into a delivery, compliance, or communication failure.",scenario;edge_case
HIS-TRN-LEGAL-001-Q05,HIS-TRN-LEGAL-001,HIS-SOP-LEGAL-001,5,single_choice,analysis,What is the most realistic misunderstanding that would weaken HIS-SOP-LEGAL-001?,Using the approved system to make handoffs visible to managers and teammates.,Escalating blockers early when required information or approval is missing.,Treating the legal/compliance escalation record as optional when the team is busy or the role is urgent.,Believing every completed record should also have a clear owner and due date.,C,A common failure mode is treating the key artifact/control as optional under pressure; the other options are expected behaviors.,misunderstanding;risk
HIS-TRN-LEGAL-001-Q06,HIS-TRN-LEGAL-001,HIS-SOP-LEGAL-001,6,single_choice,application,Who should own or verify the key control for HIS-SOP-LEGAL-001?,No assigned owner is needed if the team discusses it in a meeting.,Any person can close it without review if the outcome looks positive.,"Only the newest team member working the task, because they are closest to the work.",Ops/HR/Legal owner reviews high-risk issues; recruiters and managers escalate concerns early.,D,Ownership must match the SOP’s operating responsibility so accountability does not disappear in remote work.,ownership;manager_control
HIS-TRN-LEGAL-001-Q07,HIS-TRN-LEGAL-001,HIS-SOP-LEGAL-001,7,scenario_single_choice,scenario_application,Scenario: A recruiter wants to upload candidate work authorization documents to a personal drive for convenience. What should happen next?,Keep the issue in a private note until the final outcome is known.,Use the approved secure system and follow privacy/document handling rules.,Continue using the old information because changing records mid-process creates extra work.,Let the person who discovered the issue decide without involving the required owner or workflow.,B,"The scenario tests the second-level application of the SOP when work changes, conflicts, or becomes risky.",scenario;second_scenario
HIS-TRN-LEGAL-001-Q08,HIS-TRN-LEGAL-001,HIS-SOP-LEGAL-001,8,single_choice,evaluation,Which evidence would best show that HIS-SOP-LEGAL-001 is working after rollout?,"Most employees say in chat that they understand the SOP, but no workflow data is reviewed.","Managers remember discussing the SOP, but there is no KPI, record, or compliance evidence.","The SOP exists in a folder, even if training, acknowledgment, and audits are incomplete.",100% high-risk legal/privacy/selection issues routed before action.,D,"The success measure must connect the SOP to measurable adoption, quality, compliance, or business impact.",success_measure;kpi
HIS-TRN-FIN-001-Q01,HIS-TRN-FIN-001,HIS-SOP-FIN-001,1,single_choice,understanding,"For HIS-SOP-FIN-001 (finance/billing/margin), what is the primary business reason the SOP exists?",To provide optional reference guidance for finance/billing/margin that teams may adapt without approval.,To let managers bypass formal records when urgency is high and document later.,"To focus mainly on activity volume even if records, handoffs, or quality controls are incomplete.","Protects revenue, margin, payroll accuracy, billing confidence, AR/AP follow-up, and client trust.",D,"The SOP exists to support the specific business outcome described for finance/billing/margin, not to create optional paperwork.",purpose;business_value
HIS-TRN-FIN-001-Q02,HIS-TRN-FIN-001,HIS-SOP-FIN-001,2,single_choice,application,"Before preparing billing, payroll, or margin records is treated as ready under HIS-SOP-FIN-001, which control is required?","Approved rate, start/end dates, timesheet status, invoice data, payroll inputs, AR/AP follow-up, and margin exceptions must be verified.",Use the most recent email or chat thread as the only working standard.,"Start execution once the manager gives a verbal go-ahead, then add missing fields at week end.","Proceed if the candidate/client seems urgent, even if required records are not complete.",A,Readiness requires the module-specific control to be completed and visible in the approved system.,required_control;readiness
HIS-TRN-FIN-001-Q03,HIS-TRN-FIN-001,HIS-SOP-FIN-001,3,single_choice,application,"Which record best proves HIS-SOP-FIN-001 was followed for preparing billing, payroll, or margin records?","A generic completion message that does not include evidence, owner, or next step.","Rate approval, timesheet/invoice data, payroll status, margin exception approval, AR/AP follow-up, and payment notes.",A verbal update in the daily standup with no system entry.,A personal note or spreadsheet maintained by one team member only.,B,"The record must be specific enough for another team member or auditor to understand the action, status, and evidence.",documentation;system_record
HIS-TRN-FIN-001-Q04,HIS-TRN-FIN-001,HIS-SOP-FIN-001,4,scenario_single_choice,scenario_application,"Scenario: A contractor started, but start date and approved rate differ between email and Ceipal. What is the best response?",Move forward quickly and document the exception only if a problem occurs.,Reconcile the source records and obtain approved correction before invoicing or payroll processing.,Treat the issue as resolved if a verbal confirmation was received.,Ask the team to handle it informally because the situation is time-sensitive.,B,"The best response applies the SOP control before the issue turns into a delivery, compliance, or communication failure.",scenario;edge_case
HIS-TRN-FIN-001-Q05,HIS-TRN-FIN-001,HIS-SOP-FIN-001,5,single_choice,analysis,What is the most realistic misunderstanding that would weaken HIS-SOP-FIN-001?,Believing every completed record should also have a clear owner and due date.,Treating the finance and margin governance record as optional when the team is busy or the role is urgent.,Using the approved system to make handoffs visible to managers and teammates.,Escalating blockers early when required information or approval is missing.,B,A common failure mode is treating the key artifact/control as optional under pressure; the other options are expected behaviors.,misunderstanding;risk
HIS-TRN-FIN-001-Q06,HIS-TRN-FIN-001,HIS-SOP-FIN-001,6,single_choice,application,Who should own or verify the key control for HIS-SOP-FIN-001?,Any person can close it without review if the outcome looks positive.,No assigned owner is needed if the team discusses it in a meeting.,"Only the newest team member working the task, because they are closest to the work.",Finance owns billing/payroll/AR; Sales/Delivery supplies accurate start/rate/timesheet data.,D,Ownership must match the SOP’s operating responsibility so accountability does not disappear in remote work.,ownership;manager_control
HIS-TRN-FIN-001-Q07,HIS-TRN-FIN-001,HIS-SOP-FIN-001,7,scenario_single_choice,scenario_application,Scenario: A timesheet is missing but invoice deadline is today. What should happen next?,Let the person who discovered the issue decide without involving the required owner or workflow.,Keep the issue in a private note until the final outcome is known.,Continue using the old information because changing records mid-process creates extra work.,Escalate and track the missing timesheet; do not invoice/pay from assumptions without approval.,D,"The scenario tests the second-level application of the SOP when work changes, conflicts, or becomes risky.",scenario;second_scenario
HIS-TRN-FIN-001-Q08,HIS-TRN-FIN-001,HIS-SOP-FIN-001,8,single_choice,evaluation,Which evidence would best show that HIS-SOP-FIN-001 is working after rollout?,100% rate/margin exceptions documented and fewer billing disputes.,"The SOP exists in a folder, even if training, acknowledgment, and audits are incomplete.","Most employees say in chat that they understand the SOP, but no workflow data is reviewed.","Managers remember discussing the SOP, but there is no KPI, record, or compliance evidence.",A,"The success measure must connect the SOP to measurable adoption, quality, compliance, or business impact.",success_measure;kpi
HIS-TRN-OPS-001-Q01,HIS-TRN-OPS-001,HIS-SOP-OPS-001,1,single_choice,understanding,"For HIS-SOP-OPS-001 (tool access and deprovisioning), what is the primary business reason the SOP exists?",To provide optional reference guidance for tool access and deprovisioning that teams may adapt without approval.,To let managers bypass formal records when urgency is high and document later.,"To focus mainly on activity volume even if records, handoffs, or quality controls are incomplete.","Controls access requests, least privilege, credential sharing, password resets, exit access removal, and tool misuse prevention.",D,"The SOP exists to support the specific business outcome described for tool access and deprovisioning, not to create optional paperwork.",purpose;business_value
HIS-TRN-OPS-001-Q02,HIS-TRN-OPS-001,HIS-SOP-OPS-001,2,single_choice,application,"Before granting or removing tool access is treated as ready under HIS-SOP-OPS-001, which control is required?","Proceed if the candidate/client seems urgent, even if required records are not complete.",Use the most recent email or chat thread as the only working standard.,"Start execution once the manager gives a verbal go-ahead, then add missing fields at week end.","Manager approval, role-based access, security acknowledgment, access log, periodic review, and same-day deprovisioning on exit are required.",D,Readiness requires the module-specific control to be completed and visible in the approved system.,required_control;readiness
HIS-TRN-OPS-001-Q03,HIS-TRN-OPS-001,HIS-SOP-OPS-001,3,single_choice,application,Which record best proves HIS-SOP-OPS-001 was followed for granting or removing tool access?,"Access request, approval, role granted, security acknowledgment, access log, review date, and removal confirmation.",A verbal update in the daily standup with no system entry.,"A generic completion message that does not include evidence, owner, or next step.",A personal note or spreadsheet maintained by one team member only.,A,"The record must be specific enough for another team member or auditor to understand the action, status, and evidence.",documentation;system_record
HIS-TRN-OPS-001-Q04,HIS-TRN-OPS-001,HIS-SOP-OPS-001,4,scenario_single_choice,scenario_application,Scenario: A new recruiter asks a peer for shared Ceipal credentials to start quickly. What is the best response?,Reject shared credentials and route an approved access request with role-based permissions.,Move forward quickly and document the exception only if a problem occurs.,Ask the team to handle it informally because the situation is time-sensitive.,Treat the issue as resolved if a verbal confirmation was received.,A,"The best response applies the SOP control before the issue turns into a delivery, compliance, or communication failure.",scenario;edge_case
HIS-TRN-OPS-001-Q05,HIS-TRN-OPS-001,HIS-SOP-OPS-001,5,single_choice,analysis,What is the most realistic misunderstanding that would weaken HIS-SOP-OPS-001?,Believing every completed record should also have a clear owner and due date.,Using the approved system to make handoffs visible to managers and teammates.,Escalating blockers early when required information or approval is missing.,Treating the access request/deprovisioning record as optional when the team is busy or the role is urgent.,D,A common failure mode is treating the key artifact/control as optional under pressure; the other options are expected behaviors.,misunderstanding;risk
HIS-TRN-OPS-001-Q06,HIS-TRN-OPS-001,HIS-SOP-OPS-001,6,single_choice,application,Who should own or verify the key control for HIS-SOP-OPS-001?,Ops grants/removes access; manager confirms business need and exit/role-change timing.,"Only the newest team member working the task, because they are closest to the work.",No assigned owner is needed if the team discusses it in a meeting.,Any person can close it without review if the outcome looks positive.,A,Ownership must match the SOP’s operating responsibility so accountability does not disappear in remote work.,ownership;manager_control
HIS-TRN-OPS-001-Q07,HIS-TRN-OPS-001,HIS-SOP-OPS-001,7,scenario_single_choice,scenario_application,Scenario: An employee resigns and the last working day changes suddenly. What should happen next?,"Update deprovisioning timing and remove access according to risk/last working day, documenting confirmation.",Let the person who discovered the issue decide without involving the required owner or workflow.,Keep the issue in a private note until the final outcome is known.,Continue using the old information because changing records mid-process creates extra work.,A,"The scenario tests the second-level application of the SOP when work changes, conflicts, or becomes risky.",scenario;second_scenario
HIS-TRN-OPS-001-Q08,HIS-TRN-OPS-001,HIS-SOP-OPS-001,8,single_choice,evaluation,Which evidence would best show that HIS-SOP-OPS-001 is working after rollout?,"The SOP exists in a folder, even if training, acknowledgment, and audits are incomplete.","Most employees say in chat that they understand the SOP, but no workflow data is reviewed.","Managers remember discussing the SOP, but there is no KPI, record, or compliance evidence.",100% access removal on exit same day and approved role-based access only.,D,"The success measure must connect the SOP to measurable adoption, quality, compliance, or business impact.",success_measure;kpi
HIS-TRN-HR-001-Q01,HIS-TRN-HR-001,HIS-SOP-HR-001,1,single_choice,understanding,"For HIS-SOP-HR-001 (training and performance linkage), what is the primary business reason the SOP exists?",To let managers bypass formal records when urgency is high and document later.,"Connects SOPs to training, acknowledgment, role expectations, scorecards, coaching, probation, PIP, and performance management.","To focus mainly on activity volume even if records, handoffs, or quality controls are incomplete.",To provide optional reference guidance for training and performance linkage that teams may adapt without approval.,B,"The SOP exists to support the specific business outcome described for training and performance linkage, not to create optional paperwork.",purpose;business_value
HIS-TRN-HR-001-Q02,HIS-TRN-HR-001,HIS-SOP-HR-001,2,single_choice,application,"Before assigning SOP training and linking it to goals/performance is treated as ready under HIS-SOP-HR-001, which control is required?","Proceed if the candidate/client seems urgent, even if required records are not complete.","Start execution once the manager gives a verbal go-ahead, then add missing fields at week end.",Use the most recent email or chat thread as the only working standard.,"Training assignment, role mapping, quiz/live sample, acknowledgment, coaching, goal linkage, and PIP/probation use must be tracked.",D,Readiness requires the module-specific control to be completed and visible in the approved system.,required_control;readiness
HIS-TRN-HR-001-Q03,HIS-TRN-HR-001,HIS-SOP-HR-001,3,single_choice,application,Which record best proves HIS-SOP-HR-001 was followed for assigning SOP training and linking it to goals/performance?,"A generic completion message that does not include evidence, owner, or next step.",A personal note or spreadsheet maintained by one team member only.,"Training completion, quiz score, live sample result, acknowledgment, goal mapping, coaching note, and PIP/probation linkage.",A verbal update in the daily standup with no system entry.,C,"The record must be specific enough for another team member or auditor to understand the action, status, and evidence.",documentation;system_record
HIS-TRN-HR-001-Q04,HIS-TRN-HR-001,HIS-SOP-HR-001,4,scenario_single_choice,scenario_application,Scenario: An employee is asked to acknowledge an SOP before training or role explanation. What is the best response?,Move forward quickly and document the exception only if a problem occurs.,Ask the team to handle it informally because the situation is time-sensitive.,"Assign and complete relevant training first, then capture acknowledgment of the specific SOP version.",Treat the issue as resolved if a verbal confirmation was received.,C,"The best response applies the SOP control before the issue turns into a delivery, compliance, or communication failure.",scenario;edge_case
HIS-TRN-HR-001-Q05,HIS-TRN-HR-001,HIS-SOP-HR-001,5,single_choice,analysis,What is the most realistic misunderstanding that would weaken HIS-SOP-HR-001?,Using the approved system to make handoffs visible to managers and teammates.,Escalating blockers early when required information or approval is missing.,Treating the training acknowledgment and performance linkage record as optional when the team is busy or the role is urgent.,Believing every completed record should also have a clear owner and due date.,C,A common failure mode is treating the key artifact/control as optional under pressure; the other options are expected behaviors.,misunderstanding;risk
HIS-TRN-HR-001-Q06,HIS-TRN-HR-001,HIS-SOP-HR-001,6,single_choice,application,Who should own or verify the key control for HIS-SOP-HR-001?,Any person can close it without review if the outcome looks positive.,No assigned owner is needed if the team discusses it in a meeting.,"Only the newest team member working the task, because they are closest to the work.",HR/Ops manages training records; managers coach and link SOP behavior to performance.,D,Ownership must match the SOP’s operating responsibility so accountability does not disappear in remote work.,ownership;manager_control
HIS-TRN-HR-001-Q07,HIS-TRN-HR-001,HIS-SOP-HR-001,7,scenario_single_choice,scenario_application,Scenario: A manager wants to use SOP non-compliance in a review but has no coaching or evidence record. What should happen next?,Let the person who discovered the issue decide without involving the required owner or workflow.,Keep the issue in a private note until the final outcome is known.,Continue using the old information because changing records mid-process creates extra work.,"Document evidence, coaching, expectations, and follow-up before using it in performance action.",D,"The scenario tests the second-level application of the SOP when work changes, conflicts, or becomes risky.",scenario;second_scenario
HIS-TRN-HR-001-Q08,HIS-TRN-HR-001,HIS-SOP-HR-001,8,single_choice,evaluation,Which evidence would best show that HIS-SOP-HR-001 is working after rollout?,95%+ training completion by due date and role-specific SOP adherence evidence.,"The SOP exists in a folder, even if training, acknowledgment, and audits are incomplete.","Managers remember discussing the SOP, but there is no KPI, record, or compliance evidence.","Most employees say in chat that they understand the SOP, but no workflow data is reviewed.",A,"The success measure must connect the SOP to measurable adoption, quality, compliance, or business impact.",success_measure;kpi
HIS-TRN-AUDIT-001-Q01,HIS-TRN-AUDIT-001,HIS-SOP-AUDIT-001,1,single_choice,understanding,"For HIS-SOP-AUDIT-001 (audit and MBR), what is the primary business reason the SOP exists?","To focus mainly on activity volume even if records, handoffs, or quality controls are incomplete.","Creates weekly audit, KPI review, corrective action, and MBR discipline so SOPs become business performance controls.",To let managers bypass formal records when urgency is high and document later.,To provide optional reference guidance for audit and MBR that teams may adapt without approval.,B,"The SOP exists to support the specific business outcome described for audit and MBR, not to create optional paperwork.",purpose;business_value
HIS-TRN-AUDIT-001-Q02,HIS-TRN-AUDIT-001,HIS-SOP-AUDIT-001,2,single_choice,application,"Before running weekly audits and monthly business reviews is treated as ready under HIS-SOP-AUDIT-001, which control is required?","Start execution once the manager gives a verbal go-ahead, then add missing fields at week end.","Dashboard review, sample selection, finding, owner, corrective action, due date, and closure status must be recorded.",Use the most recent email or chat thread as the only working standard.,"Proceed if the candidate/client seems urgent, even if required records are not complete.",B,Readiness requires the module-specific control to be completed and visible in the approved system.,required_control;readiness
HIS-TRN-AUDIT-001-Q03,HIS-TRN-AUDIT-001,HIS-SOP-AUDIT-001,3,single_choice,application,Which record best proves HIS-SOP-AUDIT-001 was followed for running weekly audits and monthly business reviews?,"Audit sample, finding severity, owner, corrective action, due date, closure evidence, and MBR summary.",A personal note or spreadsheet maintained by one team member only.,A verbal update in the daily standup with no system entry.,"A generic completion message that does not include evidence, owner, or next step.",A,"The record must be specific enough for another team member or auditor to understand the action, status, and evidence.",documentation;system_record
HIS-TRN-AUDIT-001-Q04,HIS-TRN-AUDIT-001,HIS-SOP-AUDIT-001,4,scenario_single_choice,scenario_application,Scenario: A weekly audit finds missing screening notes but no owner is assigned. What is the best response?,"Create an audit finding with owner, due date, corrective action, and closure evidence.",Ask the team to handle it informally because the situation is time-sensitive.,Move forward quickly and document the exception only if a problem occurs.,Treat the issue as resolved if a verbal confirmation was received.,A,"The best response applies the SOP control before the issue turns into a delivery, compliance, or communication failure.",scenario;edge_case
HIS-TRN-AUDIT-001-Q05,HIS-TRN-AUDIT-001,HIS-SOP-AUDIT-001,5,single_choice,analysis,What is the most realistic misunderstanding that would weaken HIS-SOP-AUDIT-001?,Using the approved system to make handoffs visible to managers and teammates.,Believing every completed record should also have a clear owner and due date.,Treating the audit finding and KPI review record as optional when the team is busy or the role is urgent.,Escalating blockers early when required information or approval is missing.,C,A common failure mode is treating the key artifact/control as optional under pressure; the other options are expected behaviors.,misunderstanding;risk
HIS-TRN-AUDIT-001-Q06,HIS-TRN-AUDIT-001,HIS-SOP-AUDIT-001,6,single_choice,application,Who should own or verify the key control for HIS-SOP-AUDIT-001?,Any person can close it without review if the outcome looks positive.,Managers run weekly audits; CEO/Ops reviews MBR and escalations.,"Only the newest team member working the task, because they are closest to the work.",No assigned owner is needed if the team discusses it in a meeting.,B,Ownership must match the SOP’s operating responsibility so accountability does not disappear in remote work.,ownership;manager_control
HIS-TRN-AUDIT-001-Q07,HIS-TRN-AUDIT-001,HIS-SOP-AUDIT-001,7,scenario_single_choice,scenario_application,Scenario: Monthly metrics look good but candidate complaints are rising. What should happen next?,Keep the issue in a private note until the final outcome is known.,Continue using the old information because changing records mid-process creates extra work.,"Include candidate feedback as an MBR signal and investigate quality/communication gaps, not just volume KPIs.",Let the person who discovered the issue decide without involving the required owner or workflow.,C,"The scenario tests the second-level application of the SOP when work changes, conflicts, or becomes risky.",scenario;second_scenario
HIS-TRN-AUDIT-001-Q08,HIS-TRN-AUDIT-001,HIS-SOP-AUDIT-001,8,single_choice,evaluation,Which evidence would best show that HIS-SOP-AUDIT-001 is working after rollout?,"Managers remember discussing the SOP, but there is no KPI, record, or compliance evidence.","Most employees say in chat that they understand the SOP, but no workflow data is reviewed.",90%+ audit findings closed on time and KPIs reviewed monthly.,"The SOP exists in a folder, even if training, acknowledgment, and audits are incomplete.",C,"The success measure must connect the SOP to measurable adoption, quality, compliance, or business impact.",success_measure;kpi
HIS-TRN-TRAIN-001-Q01,HIS-TRN-TRAIN-001,HIS-TRAIN-001,1,single_choice,understanding,"For HIS-TRAIN-001 (role-based training), what is the primary business reason the SOP exists?","Defines how training is designed, assigned, evaluated, and certified by role so employees can apply SOPs in real work.",To let managers bypass formal records when urgency is high and document later.,To provide optional reference guidance for role-based training that teams may adapt without approval.,"To focus mainly on activity volume even if records, handoffs, or quality controls are incomplete.",A,"The SOP exists to support the specific business outcome described for role-based training, not to create optional paperwork.",purpose;business_value
HIS-TRN-TRAIN-001-Q02,HIS-TRN-TRAIN-001,HIS-TRAIN-001,2,single_choice,application,"Before designing or assigning training is treated as ready under HIS-TRAIN-001, which control is required?","Start execution once the manager gives a verbal go-ahead, then add missing fields at week end.","Proceed if the candidate/client seems urgent, even if required records are not complete.",Use the most recent email or chat thread as the only working standard.,"Audience, objectives, materials, quiz, live evidence, acknowledgment, and refresh cycle must be designed by role.",D,Readiness requires the module-specific control to be completed and visible in the approved system.,required_control;readiness
HIS-TRN-TRAIN-001-Q03,HIS-TRN-TRAIN-001,HIS-TRAIN-001,3,single_choice,application,Which record best proves HIS-TRAIN-001 was followed for designing or assigning training?,"Training module, objectives, lesson content, quiz bank, assignment rules, scores, live evidence, and certification status.",A verbal update in the daily standup with no system entry.,A personal note or spreadsheet maintained by one team member only.,"A generic completion message that does not include evidence, owner, or next step.",A,"The record must be specific enough for another team member or auditor to understand the action, status, and evidence.",documentation;system_record
HIS-TRN-TRAIN-001-Q04,HIS-TRN-TRAIN-001,HIS-TRAIN-001,4,scenario_single_choice,scenario_application,Scenario: A recruiter completes a module but cannot apply the checklist to a real candidate screen. What is the best response?,Treat the issue as resolved if a verbal confirmation was received.,Move forward quickly and document the exception only if a problem occurs.,"Require live work evidence/coaching before certification, not just quiz completion.",Ask the team to handle it informally because the situation is time-sensitive.,C,"The best response applies the SOP control before the issue turns into a delivery, compliance, or communication failure.",scenario;edge_case
HIS-TRN-TRAIN-001-Q05,HIS-TRN-TRAIN-001,HIS-TRAIN-001,5,single_choice,analysis,What is the most realistic misunderstanding that would weaken HIS-TRAIN-001?,Treating the training module and certification record as optional when the team is busy or the role is urgent.,Believing every completed record should also have a clear owner and due date.,Escalating blockers early when required information or approval is missing.,Using the approved system to make handoffs visible to managers and teammates.,A,A common failure mode is treating the key artifact/control as optional under pressure; the other options are expected behaviors.,misunderstanding;risk
HIS-TRN-TRAIN-001-Q06,HIS-TRN-TRAIN-001,HIS-TRAIN-001,6,single_choice,application,Who should own or verify the key control for HIS-TRAIN-001?,"Only the newest team member working the task, because they are closest to the work.",Training owner designs; managers validate live work application.,Any person can close it without review if the outcome looks positive.,No assigned owner is needed if the team discusses it in a meeting.,B,Ownership must match the SOP’s operating responsibility so accountability does not disappear in remote work.,ownership;manager_control
HIS-TRN-TRAIN-001-Q07,HIS-TRN-TRAIN-001,HIS-TRAIN-001,7,scenario_single_choice,scenario_application,Scenario: The same training is assigned to Finance and Recruiters even though their workflows differ. What should happen next?,Use role-based assignments so each audience receives the right level of training.,Keep the issue in a private note until the final outcome is known.,Continue using the old information because changing records mid-process creates extra work.,Let the person who discovered the issue decide without involving the required owner or workflow.,A,"The scenario tests the second-level application of the SOP when work changes, conflicts, or becomes risky.",scenario;second_scenario
HIS-TRN-TRAIN-001-Q08,HIS-TRN-TRAIN-001,HIS-TRAIN-001,8,single_choice,evaluation,Which evidence would best show that HIS-TRAIN-001 is working after rollout?,"Most employees say in chat that they understand the SOP, but no workflow data is reviewed.","Training completion plus demonstrated application in live work, not attendance alone.","The SOP exists in a folder, even if training, acknowledgment, and audits are incomplete.","Managers remember discussing the SOP, but there is no KPI, record, or compliance evidence.",B,"The success measure must connect the SOP to measurable adoption, quality, compliance, or business impact.",success_measure;kpi
HIS-TRN-TPL-001-Q01,HIS-TRN-TPL-001,HIS-TPL-001,1,single_choice,understanding,"For HIS-TPL-001 (templates and manager tools), what is the primary business reason the SOP exists?","To focus mainly on activity volume even if records, handoffs, or quality controls are incomplete.",To provide optional reference guidance for templates and manager tools that teams may adapt without approval.,"Standardizes checklists, acknowledgments, audit forms, coaching notes, field templates, and manager follow-through tools.",To let managers bypass formal records when urgency is high and document later.,C,"The SOP exists to support the specific business outcome described for templates and manager tools, not to create optional paperwork.",purpose;business_value
HIS-TRN-TPL-001-Q02,HIS-TRN-TPL-001,HIS-TPL-001,2,single_choice,application,"Before using checklists, acknowledgments, and field templates is treated as ready under HIS-TPL-001, which control is required?","Proceed if the candidate/client seems urgent, even if required records are not complete.","Start execution once the manager gives a verbal go-ahead, then add missing fields at week end.","Correct template, completed fields, evidence, owner, due date, and follow-up status must be used consistently.",Use the most recent email or chat thread as the only working standard.,C,Readiness requires the module-specific control to be completed and visible in the approved system.,required_control;readiness
HIS-TRN-TPL-001-Q03,HIS-TRN-TPL-001,HIS-TPL-001,3,single_choice,application,"Which record best proves HIS-TPL-001 was followed for using checklists, acknowledgments, and field templates?","Completed template/checklist, evidence attachment, owner, date, status, and follow-up notes.",A personal note or spreadsheet maintained by one team member only.,A verbal update in the daily standup with no system entry.,"A generic completion message that does not include evidence, owner, or next step.",A,"The record must be specific enough for another team member or auditor to understand the action, status, and evidence.",documentation;system_record
HIS-TRN-TPL-001-Q04,HIS-TRN-TPL-001,HIS-TPL-001,4,scenario_single_choice,scenario_application,Scenario: A manager gives coaching verbally but does not use the coaching-note template. What is the best response?,"Document the coaching using the approved template with expectation, evidence, owner, and next follow-up.",Treat the issue as resolved if a verbal confirmation was received.,Ask the team to handle it informally because the situation is time-sensitive.,Move forward quickly and document the exception only if a problem occurs.,A,"The best response applies the SOP control before the issue turns into a delivery, compliance, or communication failure.",scenario;edge_case
HIS-TRN-TPL-001-Q05,HIS-TRN-TPL-001,HIS-TPL-001,5,single_choice,analysis,What is the most realistic misunderstanding that would weaken HIS-TPL-001?,Believing every completed record should also have a clear owner and due date.,Using the approved system to make handoffs visible to managers and teammates.,Treating the completed manager template/checklist record as optional when the team is busy or the role is urgent.,Escalating blockers early when required information or approval is missing.,C,A common failure mode is treating the key artifact/control as optional under pressure; the other options are expected behaviors.,misunderstanding;risk
HIS-TRN-TPL-001-Q06,HIS-TRN-TPL-001,HIS-TPL-001,6,single_choice,application,Who should own or verify the key control for HIS-TPL-001?,Any person can close it without review if the outcome looks positive.,No assigned owner is needed if the team discusses it in a meeting.,Managers use templates; Ops/HR audits consistency and completeness.,"Only the newest team member working the task, because they are closest to the work.",C,Ownership must match the SOP’s operating responsibility so accountability does not disappear in remote work.,ownership;manager_control
HIS-TRN-TPL-001-Q07,HIS-TRN-TPL-001,HIS-TPL-001,7,scenario_single_choice,scenario_application,Scenario: A checklist is copied forward with blank evidence fields. What should happen next?,Continue using the old information because changing records mid-process creates extra work.,Keep the issue in a private note until the final outcome is known.,Complete the required fields with actual evidence or mark the item not complete.,Let the person who discovered the issue decide without involving the required owner or workflow.,C,"The scenario tests the second-level application of the SOP when work changes, conflicts, or becomes risky.",scenario;second_scenario
HIS-TRN-TPL-001-Q08,HIS-TRN-TPL-001,HIS-TPL-001,8,single_choice,evaluation,Which evidence would best show that HIS-TPL-001 is working after rollout?,"The SOP exists in a folder, even if training, acknowledgment, and audits are incomplete.","Most employees say in chat that they understand the SOP, but no workflow data is reviewed.",Templates reduce missed steps and create consistent evidence for audits/coaching.,"Managers remember discussing the SOP, but there is no KPI, record, or compliance evidence.",C,"The success measure must connect the SOP to measurable adoption, quality, compliance, or business impact.",success_measure;kpi
