questionId,trainingId,sopCode,questionNo,question_type,cognitive_level,prompt,optionA,optionB,optionC,optionD,correct_option,correct_answer_text,rationale,tags,auto_gradable,requires_human_review,points
HIS-TRN-GOV-001-Q01,HIS-TRN-GOV-001,HIS-SOP-GOV-001,1,single_choice,understanding,"For HIS-SOP-GOV-001 (SOP governance), what is the primary business reason the SOP exists?","Creates one disciplined way to own, approve, version, publish, revise, retire, and enforce SOPs so process changes do not become scattered documents.",To let each department maintain its own SOP copy as long as the manager agrees.,To allow urgent process changes to be handled by email first and documented later if needed.,To treat reviewer comments as final approval even when no authorized approver has published the SOP.,A,"Creates one disciplined way to own, approve, version, publish, revise, retire, and enforce SOPs so process changes do not become scattered documents.",The correct answer describes the actual business outcome of this SOP. The other options are realistic but unsafe shortcuts or misunderstandings that would weaken the operating standard.,purpose|business_value,True,False,1
HIS-TRN-GOV-001-Q02,HIS-TRN-GOV-001,HIS-SOP-GOV-001,2,single_choice,application,"Before publishing or revising an SOP is treated as ready under HIS-SOP-GOV-001, which control is required?","Proceed if the candidate/client seems urgent, even if required records are not complete.","The SOP must have a code, owner, approver, review workflow, effective date, mapped training, and locked published version.",Use the most recent email or chat thread as the only working standard.,"Start execution once the manager gives a verbal go-ahead, then add missing fields at week end.",B,"The SOP must have a code, owner, approver, review workflow, effective date, mapped training, and locked published version.",Readiness requires the module-specific control to be completed and visible in the approved system.,required_control|readiness,True,False,1
HIS-TRN-GOV-001-Q03,HIS-TRN-GOV-001,HIS-SOP-GOV-001,3,single_choice,application,Which record best proves HIS-SOP-GOV-001 was followed for publishing or revising an SOP?,A personal note or spreadsheet maintained by one team member only.,A verbal update in the daily standup with no system entry.,"SOP version history, reviewer comments, approval status, effective date, and training mapping.","A generic completion message that does not include evidence, owner, or next step.",C,"SOP version history, reviewer comments, approval status, effective date, and training mapping.","The record must be specific enough for another team member or auditor to understand the action, status, and evidence.",documentation|system_record,True,False,1
HIS-TRN-GOV-001-Q04,HIS-TRN-GOV-001,HIS-SOP-GOV-001,4,scenario_single_choice,scenario_application,Scenario: A manager finds a typo and wants to directly change a published SOP before tomorrow’s team training. What is the best response?,Move forward quickly and document the exception only if a problem occurs.,Ask the team to handle it informally because the situation is time-sensitive.,Treat the issue as resolved if a verbal confirmation was received.,"Create a new revision/version or change request through SOP governance, not an informal edit to the active published version.",D,"Create a new revision/version or change request through SOP governance, not an informal edit to the active published version.","The best response applies the SOP control before the issue turns into a delivery, compliance, or communication failure.",scenario|edge_case,True,False,1
HIS-TRN-GOV-001-Q05,HIS-TRN-GOV-001,HIS-SOP-GOV-001,5,single_choice,analysis,What is the most realistic misunderstanding that would weaken HIS-SOP-GOV-001?,"Treating the published SOP as a flexible reference instead of the locked version that controls process, training, and audit.",Confusing reviewer feedback with final approval authority for published SOP changes.,Believing minor SOP edits do not need a version history when the intent is unchanged.,Treating an “approved with comments” review as a reason to delay rollout indefinitely.,A,"Treating the published SOP as a flexible reference instead of the locked version that controls process, training, and audit.","The correct answer is the most direct misunderstanding that would break the SOP’s operating control. The distractors are plausible misunderstandings, but they are either narrower, secondary, or less central to this SOP.",misconception|analysis|module_specific,True,False,1
HIS-TRN-GOV-001-Q06,HIS-TRN-GOV-001,HIS-SOP-GOV-001,6,single_choice,application,Who should own or verify the key control for HIS-SOP-GOV-001?,No assigned owner is needed if the team discusses it in a meeting.,SOP Owner drafts and responds; CEO/Super Admin publishes after workflow review.,"Only the newest team member working the task, because they are closest to the work.",Any person can close it without review if the outcome looks positive.,B,SOP Owner drafts and responds; CEO/Super Admin publishes after workflow review.,Ownership must match the SOP’s operating responsibility so accountability does not disappear in remote work.,ownership|manager_control,True,False,1
HIS-TRN-GOV-001-Q07,HIS-TRN-GOV-001,HIS-SOP-GOV-001,7,scenario_single_choice,scenario_application,Scenario: A reviewer misses the 5-business-day review deadline and has not flagged any blocker. What should happen next?,Let the person who discovered the issue decide without involving the required owner or workflow.,Continue using the old information because changing records mid-process creates extra work.,Record no response/no objection and allow CEO/Super Admin to proceed if the SOP is ready.,Keep the issue in a private note until the final outcome is known.,C,Record no response/no objection and allow CEO/Super Admin to proceed if the SOP is ready.,"The scenario tests the second-level application of the SOP when work changes, conflicts, or becomes risky.",scenario|second_scenario,True,False,1
HIS-TRN-GOV-001-Q08,HIS-TRN-GOV-001,HIS-SOP-GOV-001,8,single_choice,evaluation,Which evidence would best show that HIS-SOP-GOV-001 is working after rollout?,"Managers remember discussing the SOP, but there is no KPI, record, or compliance evidence.","The SOP exists in a folder, even if training, acknowledgment, and audits are incomplete.","Most employees say in chat that they understand the SOP, but no workflow data is reviewed.","100% of active SOPs have owner, version, effective date, training mapping, and review status.",D,"100% of active SOPs have owner, version, effective date, training mapping, and review status.","The success measure must connect the SOP to measurable adoption, quality, compliance, or business impact.",success_measure|kpi,True,False,1
HIS-TRN-REQ-001-Q01,HIS-TRN-REQ-001,HIS-SOP-REQ-001,1,single_choice,understanding,"For HIS-SOP-REQ-001 (requirement synthesis), what is the primary business reason the SOP exists?",To let recruiters use the raw client JD without a shared execution brief when the role seems obvious.,"Prevents blind sourcing by converting fragmented JDs, VMS notes, client emails, and manager expectations into one clear execution brief before recruiting starts.",To let each recruiter define must-haves independently based on personal experience with similar roles.,"To start sourcing while rate, disqualifiers, and submission requirements are still being clarified.",B,"Prevents blind sourcing by converting fragmented JDs, VMS notes, client emails, and manager expectations into one clear execution brief before recruiting starts.",The correct answer describes the actual business outcome of this SOP. The other options are realistic but unsafe shortcuts or misunderstandings that would weaken the operating standard.,purpose|business_value,True,False,1
HIS-TRN-REQ-001-Q02,HIS-TRN-REQ-001,HIS-SOP-REQ-001,2,single_choice,application,"Before starting sourcing on a new role is treated as ready under HIS-SOP-REQ-001, which control is required?","Start execution once the manager gives a verbal go-ahead, then add missing fields at week end.","Proceed if the candidate/client seems urgent, even if required records are not complete.","Raw JD, VMS notes, client email, rate/pay, must-haves, disqualifiers, candidate pitch, and screening questions must be synthesized and human-approved.",Use the most recent email or chat thread as the only working standard.,C,"Raw JD, VMS notes, client email, rate/pay, must-haves, disqualifiers, candidate pitch, and screening questions must be synthesized and human-approved.",Readiness requires the module-specific control to be completed and visible in the approved system.,required_control|readiness,True,False,1
HIS-TRN-REQ-001-Q03,HIS-TRN-REQ-001,HIS-SOP-REQ-001,3,single_choice,application,Which record best proves HIS-SOP-REQ-001 was followed for starting sourcing on a new role?,A personal note or spreadsheet maintained by one team member only.,A verbal update in the daily standup with no system entry.,"A generic completion message that does not include evidence, owner, or next step.","Execution brief with must-haves, nice-to-haves, disqualifiers, rate/pay guidance, screening questions, and submission checklist.",D,"Execution brief with must-haves, nice-to-haves, disqualifiers, rate/pay guidance, screening questions, and submission checklist.","The record must be specific enough for another team member or auditor to understand the action, status, and evidence.",documentation|system_record,True,False,1
HIS-TRN-REQ-001-Q04,HIS-TRN-REQ-001,HIS-SOP-REQ-001,4,scenario_single_choice,scenario_application,Scenario: A recruiter has only a copied JD and no clarity on must-haves or disqualifiers but wants to start sourcing to save time. What is the best response?,"Pause broad sourcing and complete the execution brief with clarified must-haves, disqualifiers, pay/rate guidance, and approval.",Move forward quickly and document the exception only if a problem occurs.,Ask the team to handle it informally because the situation is time-sensitive.,Treat the issue as resolved if a verbal confirmation was received.,A,"Pause broad sourcing and complete the execution brief with clarified must-haves, disqualifiers, pay/rate guidance, and approval.","The best response applies the SOP control before the issue turns into a delivery, compliance, or communication failure.",scenario|edge_case,True,False,1
HIS-TRN-REQ-001-Q05,HIS-TRN-REQ-001,HIS-SOP-REQ-001,5,single_choice,analysis,What is the most realistic misunderstanding that would weaken HIS-SOP-REQ-001?,"Assuming the original JD is enough even when the recruiter pitch, must-haves, and disqualifiers are unclear.","Treating the unified execution brief as optional when the role is urgent, causing recruiters to work from different interpretations.",Using an AI-generated brief without human review because the role looks standard.,Allowing two recruiters to work the same role from different interpretations of the requirement.,B,"Treating the unified execution brief as optional when the role is urgent, causing recruiters to work from different interpretations.","The correct answer is the most direct misunderstanding that would break the SOP’s operating control. The distractors are plausible misunderstandings, but they are either narrower, secondary, or less central to this SOP.",misconception|analysis|module_specific,True,False,1
HIS-TRN-REQ-001-Q06,HIS-TRN-REQ-001,HIS-SOP-REQ-001,6,single_choice,application,Who should own or verify the key control for HIS-SOP-REQ-001?,No assigned owner is needed if the team discusses it in a meeting.,"Only the newest team member working the task, because they are closest to the work.",Account/Delivery owner validates the brief; recruiters use it for sourcing and screening.,Any person can close it without review if the outcome looks positive.,C,Account/Delivery owner validates the brief; recruiters use it for sourcing and screening.,Ownership must match the SOP’s operating responsibility so accountability does not disappear in remote work.,ownership|manager_control,True,False,1
HIS-TRN-REQ-001-Q07,HIS-TRN-REQ-001,HIS-SOP-REQ-001,7,scenario_single_choice,scenario_application,"Scenario: KleriQ generates a role brief, but it conflicts with a client email about required certification. What should happen next?",Let the person who discovered the issue decide without involving the required owner or workflow.,Continue using the old information because changing records mid-process creates extra work.,Keep the issue in a private note until the final outcome is known.,Escalate and resolve the conflict with human review before using the brief as the sourcing standard.,D,Escalate and resolve the conflict with human review before using the brief as the sourcing standard.,"The scenario tests the second-level application of the SOP when work changes, conflicts, or becomes risky.",scenario|second_scenario,True,False,1
HIS-TRN-REQ-001-Q08,HIS-TRN-REQ-001,HIS-SOP-REQ-001,8,single_choice,evaluation,Which evidence would best show that HIS-SOP-REQ-001 is working after rollout?,90%+ intake completeness and fewer blind-sourcing escalations after Wave 1.,"Most employees say in chat that they understand the SOP, but no workflow data is reviewed.","The SOP exists in a folder, even if training, acknowledgment, and audits are incomplete.","Managers remember discussing the SOP, but there is no KPI, record, or compliance evidence.",A,90%+ intake completeness and fewer blind-sourcing escalations after Wave 1.,"The success measure must connect the SOP to measurable adoption, quality, compliance, or business impact.",success_measure|kpi,True,False,1
HIS-TRN-TA-001-Q01,HIS-TRN-TA-001,HIS-SOP-TA-001,1,single_choice,understanding,"For HIS-SOP-TA-001 (requisition intake), what is the primary business reason the SOP exists?",To move faster by letting urgent roles bypass intake and rate alignment until candidates are found.,To let recruiters rely on verbal intake notes instead of an approved job record.,"Ensures every recruiter starts with aligned role, rate, pay, margin, urgency, target profile, and submission expectations.","To assume pay, bill rate, and margin issues can be corrected after the first submission.",C,"Ensures every recruiter starts with aligned role, rate, pay, margin, urgency, target profile, and submission expectations.",The correct answer describes the actual business outcome of this SOP. The other options are realistic but unsafe shortcuts or misunderstandings that would weaken the operating standard.,purpose|business_value,True,False,1
HIS-TRN-TA-001-Q02,HIS-TRN-TA-001,HIS-SOP-TA-001,2,single_choice,application,"Before opening a requisition for delivery is treated as ready under HIS-SOP-TA-001, which control is required?","Start execution once the manager gives a verbal go-ahead, then add missing fields at week end.",Use the most recent email or chat thread as the only working standard.,"Proceed if the candidate/client seems urgent, even if required records are not complete.","Role details, rate/pay guidance, priority, assigned recruiters, submission format, and kickoff notes must be complete before delivery starts.",D,"Role details, rate/pay guidance, priority, assigned recruiters, submission format, and kickoff notes must be complete before delivery starts.",Readiness requires the module-specific control to be completed and visible in the approved system.,required_control|readiness,True,False,1
HIS-TRN-TA-001-Q03,HIS-TRN-TA-001,HIS-SOP-TA-001,3,single_choice,application,Which record best proves HIS-SOP-TA-001 was followed for opening a requisition for delivery?,"Ceipal/job record with requirement details, rate/pay guidance, priority, assignment, kickoff notes, and blockers.",A verbal update in the daily standup with no system entry.,"A generic completion message that does not include evidence, owner, or next step.",A personal note or spreadsheet maintained by one team member only.,A,"Ceipal/job record with requirement details, rate/pay guidance, priority, assignment, kickoff notes, and blockers.","The record must be specific enough for another team member or auditor to understand the action, status, and evidence.",documentation|system_record,True,False,1
HIS-TRN-TA-001-Q04,HIS-TRN-TA-001,HIS-SOP-TA-001,4,scenario_single_choice,scenario_application,"Scenario: A job is urgent, but pay range and submission deadline are missing. What is the best response?",Move forward quickly and document the exception only if a problem occurs.,Escalate to the AM/manager and complete the missing intake fields before launching large-scale sourcing.,Ask the team to handle it informally because the situation is time-sensitive.,Treat the issue as resolved if a verbal confirmation was received.,B,Escalate to the AM/manager and complete the missing intake fields before launching large-scale sourcing.,"The best response applies the SOP control before the issue turns into a delivery, compliance, or communication failure.",scenario|edge_case,True,False,1
HIS-TRN-TA-001-Q05,HIS-TRN-TA-001,HIS-SOP-TA-001,5,single_choice,analysis,What is the most realistic misunderstanding that would weaken HIS-SOP-TA-001?,"Accepting a role for sourcing before confirming pay range, location, and must-have requirements.",Treating rate exceptions as manager preference instead of a documented approval item.,"Starting sourcing before intake, rate, pay, margin, must-haves, and kickoff ownership are complete in the approved system.",Using the kickoff call as the only record without updating the ATS or approved intake fields.,C,"Starting sourcing before intake, rate, pay, margin, must-haves, and kickoff ownership are complete in the approved system.","The correct answer is the most direct misunderstanding that would break the SOP’s operating control. The distractors are plausible misunderstandings, but they are either narrower, secondary, or less central to this SOP.",misconception|analysis|module_specific,True,False,1
HIS-TRN-TA-001-Q06,HIS-TRN-TA-001,HIS-SOP-TA-001,6,single_choice,application,Who should own or verify the key control for HIS-SOP-TA-001?,Any person can close it without review if the outcome looks positive.,No assigned owner is needed if the team discusses it in a meeting.,"Only the newest team member working the task, because they are closest to the work.",Account Manager/Delivery Manager owns intake completeness; Recruiter confirms understanding before sourcing.,D,Account Manager/Delivery Manager owns intake completeness; Recruiter confirms understanding before sourcing.,Ownership must match the SOP’s operating responsibility so accountability does not disappear in remote work.,ownership|manager_control,True,False,1
HIS-TRN-TA-001-Q07,HIS-TRN-TA-001,HIS-SOP-TA-001,7,scenario_single_choice,scenario_application,Scenario: The client lowers the bill rate after recruiters have already started outreach. What should happen next?,"Update the requisition, revalidate pay alignment, notify affected recruiters, and reassess candidate pipeline viability.",Continue using the old information because changing records mid-process creates extra work.,Keep the issue in a private note until the final outcome is known.,Let the person who discovered the issue decide without involving the required owner or workflow.,A,"Update the requisition, revalidate pay alignment, notify affected recruiters, and reassess candidate pipeline viability.","The scenario tests the second-level application of the SOP when work changes, conflicts, or becomes risky.",scenario|second_scenario,True,False,1
HIS-TRN-TA-001-Q08,HIS-TRN-TA-001,HIS-SOP-TA-001,8,single_choice,evaluation,Which evidence would best show that HIS-SOP-TA-001 is working after rollout?,"Managers remember discussing the SOP, but there is no KPI, record, or compliance evidence.",90%+ requisitions have complete intake before sourcing starts.,"Most employees say in chat that they understand the SOP, but no workflow data is reviewed.","The SOP exists in a folder, even if training, acknowledgment, and audits are incomplete.",B,90%+ requisitions have complete intake before sourcing starts.,"The success measure must connect the SOP to measurable adoption, quality, compliance, or business impact.",success_measure|kpi,True,False,1
HIS-TRN-TA-002-Q01,HIS-TRN-TA-002,HIS-SOP-TA-002,1,single_choice,understanding,"For HIS-SOP-TA-002 (sourcing and ownership), what is the primary business reason the SOP exists?","To maximize outreach volume even if candidate ownership, duplicate checks, and consent are unclear.",To create a new candidate record when ownership is disputed so the recruiter can move faster.,To treat a candidate’s casual interest as consent for submission without documenting the role fit.,"Controls sourcing quality, respectful outreach, duplicate prevention, candidate ownership, and submission consent/RTR.",D,"Controls sourcing quality, respectful outreach, duplicate prevention, candidate ownership, and submission consent/RTR.",The correct answer describes the actual business outcome of this SOP. The other options are realistic but unsafe shortcuts or misunderstandings that would weaken the operating standard.,purpose|business_value,True,False,1
HIS-TRN-TA-002-Q02,HIS-TRN-TA-002,HIS-SOP-TA-002,2,single_choice,application,"Before contacting and owning candidates is treated as ready under HIS-SOP-TA-002, which control is required?","Duplicate search, source, outreach notes, interest confirmation, ownership, consent/RTR, and follow-up must be documented before submission.",Use the most recent email or chat thread as the only working standard.,"Proceed if the candidate/client seems urgent, even if required records are not complete.","Start execution once the manager gives a verbal go-ahead, then add missing fields at week end.",A,"Duplicate search, source, outreach notes, interest confirmation, ownership, consent/RTR, and follow-up must be documented before submission.",Readiness requires the module-specific control to be completed and visible in the approved system.,required_control|readiness,True,False,1
HIS-TRN-TA-002-Q03,HIS-TRN-TA-002,HIS-SOP-TA-002,3,single_choice,application,Which record best proves HIS-SOP-TA-002 was followed for contacting and owning candidates?,A personal note or spreadsheet maintained by one team member only.,"Candidate profile with duplicate check, source, outreach history, interest, consent/RTR status, and owner.","A generic completion message that does not include evidence, owner, or next step.",A verbal update in the daily standup with no system entry.,B,"Candidate profile with duplicate check, source, outreach history, interest, consent/RTR status, and owner.","The record must be specific enough for another team member or auditor to understand the action, status, and evidence.",documentation|system_record,True,False,1
HIS-TRN-TA-002-Q04,HIS-TRN-TA-002,HIS-SOP-TA-002,4,scenario_single_choice,scenario_application,Scenario: Two recruiters contact the same candidate for the same client role and both claim ownership. What is the best response?,Treat the issue as resolved if a verbal confirmation was received.,Move forward quickly and document the exception only if a problem occurs.,Check Ceipal history and escalate to the lead/manager to resolve ownership based on documented valid engagement.,Ask the team to handle it informally because the situation is time-sensitive.,C,Check Ceipal history and escalate to the lead/manager to resolve ownership based on documented valid engagement.,"The best response applies the SOP control before the issue turns into a delivery, compliance, or communication failure.",scenario|edge_case,True,False,1
HIS-TRN-TA-002-Q05,HIS-TRN-TA-002,HIS-SOP-TA-002,5,single_choice,analysis,What is the most realistic misunderstanding that would weaken HIS-SOP-TA-002?,Assuming a sourced profile belongs to the recruiter even if no valid contact or ownership record exists.,Using private notes for candidate interest instead of updating the approved candidate record.,Skipping duplicate search because the candidate used a different phone number or resume version.,"Treating candidate ownership, duplicate checks, or consent/RTR as optional when outreach volume is high.",D,"Treating candidate ownership, duplicate checks, or consent/RTR as optional when outreach volume is high.","The correct answer is the most direct misunderstanding that would break the SOP’s operating control. The distractors are plausible misunderstandings, but they are either narrower, secondary, or less central to this SOP.",misconception|analysis|module_specific,True,False,1
HIS-TRN-TA-002-Q06,HIS-TRN-TA-002,HIS-SOP-TA-002,6,single_choice,application,Who should own or verify the key control for HIS-SOP-TA-002?,Recruiter owns accurate candidate record; Lead resolves ownership disputes.,No assigned owner is needed if the team discusses it in a meeting.,"Only the newest team member working the task, because they are closest to the work.",Any person can close it without review if the outcome looks positive.,A,Recruiter owns accurate candidate record; Lead resolves ownership disputes.,Ownership must match the SOP’s operating responsibility so accountability does not disappear in remote work.,ownership|manager_control,True,False,1
HIS-TRN-TA-002-Q07,HIS-TRN-TA-002,HIS-SOP-TA-002,7,scenario_single_choice,scenario_application,Scenario: A candidate says “send me details” but has not confirmed interest or submission consent. What should happen next?,Keep the issue in a private note until the final outcome is known.,"Do not submit; send clear details, confirm interest and consent/RTR where required, then document it.",Continue using the old information because changing records mid-process creates extra work.,Let the person who discovered the issue decide without involving the required owner or workflow.,B,"Do not submit; send clear details, confirm interest and consent/RTR where required, then document it.","The scenario tests the second-level application of the SOP when work changes, conflicts, or becomes risky.",scenario|second_scenario,True,False,1
HIS-TRN-TA-002-Q08,HIS-TRN-TA-002,HIS-SOP-TA-002,8,single_choice,evaluation,Which evidence would best show that HIS-SOP-TA-002 is working after rollout?,"The SOP exists in a folder, even if training, acknowledgment, and audits are incomplete.","Managers remember discussing the SOP, but there is no KPI, record, or compliance evidence.",Duplicate records controlled and 100% consent/RTR captured where required.,"Most employees say in chat that they understand the SOP, but no workflow data is reviewed.",C,Duplicate records controlled and 100% consent/RTR captured where required.,"The success measure must connect the SOP to measurable adoption, quality, compliance, or business impact.",success_measure|kpi,True,False,1
HIS-TRN-TA-003-Q01,HIS-TRN-TA-003,HIS-SOP-TA-003,1,single_choice,understanding,"For HIS-SOP-TA-003 (screening and submission QC), what is the primary business reason the SOP exists?","Raises submission quality by requiring qualification, screening notes, evidence, and manager/QC checks before client submission.",To increase submissions by sending candidates quickly and letting the client identify missing details.,To treat screening notes as optional if the resume already looks aligned.,"To allow submissions before pay, availability, and required documents are confirmed.",A,"Raises submission quality by requiring qualification, screening notes, evidence, and manager/QC checks before client submission.",The correct answer describes the actual business outcome of this SOP. The other options are realistic but unsafe shortcuts or misunderstandings that would weaken the operating standard.,purpose|business_value,True,False,1
HIS-TRN-TA-003-Q02,HIS-TRN-TA-003,HIS-SOP-TA-003,2,single_choice,application,"Before submitting a candidate is treated as ready under HIS-SOP-TA-003, which control is required?","Start execution once the manager gives a verbal go-ahead, then add missing fields at week end.","Must-have match, interest, pay/rate, availability, resume, screening notes, documents, and QC approval must be verified before submission.",Use the most recent email or chat thread as the only working standard.,"Proceed if the candidate/client seems urgent, even if required records are not complete.",B,"Must-have match, interest, pay/rate, availability, resume, screening notes, documents, and QC approval must be verified before submission.",Readiness requires the module-specific control to be completed and visible in the approved system.,required_control|readiness,True,False,1
HIS-TRN-TA-003-Q03,HIS-TRN-TA-003,HIS-SOP-TA-003,3,single_choice,application,Which record best proves HIS-SOP-TA-003 was followed for submitting a candidate?,A verbal update in the daily standup with no system entry.,A personal note or spreadsheet maintained by one team member only.,"Screening notes, submission checklist, QC result, missing document status, and submission timestamp.","A generic completion message that does not include evidence, owner, or next step.",C,"Screening notes, submission checklist, QC result, missing document status, and submission timestamp.","The record must be specific enough for another team member or auditor to understand the action, status, and evidence.",documentation|system_record,True,False,1
HIS-TRN-TA-003-Q04,HIS-TRN-TA-003,HIS-SOP-TA-003,4,scenario_single_choice,scenario_application,Scenario: A candidate looks strong but has not confirmed shift availability and pay alignment. What is the best response?,Move forward quickly and document the exception only if a problem occurs.,Treat the issue as resolved if a verbal confirmation was received.,Ask the team to handle it informally because the situation is time-sensitive.,Hold submission until availability and pay alignment are confirmed and documented.,D,Hold submission until availability and pay alignment are confirmed and documented.,"The best response applies the SOP control before the issue turns into a delivery, compliance, or communication failure.",scenario|edge_case,True,False,1
HIS-TRN-TA-003-Q05,HIS-TRN-TA-003,HIS-SOP-TA-003,5,single_choice,analysis,What is the most realistic misunderstanding that would weaken HIS-SOP-TA-003?,"Submitting a candidate before screening notes, pay/location fit, required documents, and QC readiness are complete.","Believing a strong resume can replace documented screening, pay alignment, and candidate confirmation.",Counting a candidate as submission-ready while required credential or work authorization fields are unclear.,"Assuming manager QC is only needed for weak candidates, not all high-priority submissions.",A,"Submitting a candidate before screening notes, pay/location fit, required documents, and QC readiness are complete.","The correct answer is the most direct misunderstanding that would break the SOP’s operating control. The distractors are plausible misunderstandings, but they are either narrower, secondary, or less central to this SOP.",misconception|analysis|module_specific,True,False,1
HIS-TRN-TA-003-Q06,HIS-TRN-TA-003,HIS-SOP-TA-003,6,single_choice,application,Who should own or verify the key control for HIS-SOP-TA-003?,No assigned owner is needed if the team discusses it in a meeting.,Recruiter prepares; Lead/Manager performs QC when required before client/VMS submission.,Any person can close it without review if the outcome looks positive.,"Only the newest team member working the task, because they are closest to the work.",B,Recruiter prepares; Lead/Manager performs QC when required before client/VMS submission.,Ownership must match the SOP’s operating responsibility so accountability does not disappear in remote work.,ownership|manager_control,True,False,1
HIS-TRN-TA-003-Q07,HIS-TRN-TA-003,HIS-SOP-TA-003,7,scenario_single_choice,scenario_application,Scenario: A recruiter has a qualified profile but no structured screening notes in Ceipal. What should happen next?,Continue using the old information because changing records mid-process creates extra work.,Keep the issue in a private note until the final outcome is known.,Add role-specific screening evidence before marking the candidate ready for submission.,Let the person who discovered the issue decide without involving the required owner or workflow.,C,Add role-specific screening evidence before marking the candidate ready for submission.,"The scenario tests the second-level application of the SOP when work changes, conflicts, or becomes risky.",scenario|second_scenario,True,False,1
HIS-TRN-TA-003-Q08,HIS-TRN-TA-003,HIS-SOP-TA-003,8,single_choice,evaluation,Which evidence would best show that HIS-SOP-TA-003 is working after rollout?,"Managers remember discussing the SOP, but there is no KPI, record, or compliance evidence.","Most employees say in chat that they understand the SOP, but no workflow data is reviewed.","The SOP exists in a folder, even if training, acknowledgment, and audits are incomplete.",95%+ submission QC pass rate and reduced client rework.,D,95%+ submission QC pass rate and reduced client rework.,"The success measure must connect the SOP to measurable adoption, quality, compliance, or business impact.",success_measure|kpi,True,False,1
HIS-TRN-TA-004-Q01,HIS-TRN-TA-004,HIS-SOP-TA-004,1,single_choice,understanding,"For HIS-SOP-TA-004 (interview-offer-start follow-through), what is the primary business reason the SOP exists?",To consider recruiter work complete once the candidate has been submitted to the client.,"Protects conversion after submission by ensuring interviews, offers, starts, and post-start check-ins are actively managed.","To let interview, offer, and start updates stay in chat threads until the weekly meeting.",To rely on the candidate to follow up if the interview time or start details change.,B,"Protects conversion after submission by ensuring interviews, offers, starts, and post-start check-ins are actively managed.",The correct answer describes the actual business outcome of this SOP. The other options are realistic but unsafe shortcuts or misunderstandings that would weaken the operating standard.,purpose|business_value,True,False,1
HIS-TRN-TA-004-Q02,HIS-TRN-TA-004,HIS-SOP-TA-004,2,single_choice,application,"Before managing post-submission progress is treated as ready under HIS-SOP-TA-004, which control is required?","Start execution once the manager gives a verbal go-ahead, then add missing fields at week end.",Use the most recent email or chat thread as the only working standard.,"Interview details, candidate prep, feedback, offer terms, start confirmation, and post-start check-ins must be actively tracked.","Proceed if the candidate/client seems urgent, even if required records are not complete.",C,"Interview details, candidate prep, feedback, offer terms, start confirmation, and post-start check-ins must be actively tracked.",Readiness requires the module-specific control to be completed and visible in the approved system.,required_control|readiness,True,False,1
HIS-TRN-TA-004-Q03,HIS-TRN-TA-004,HIS-SOP-TA-004,3,single_choice,application,Which record best proves HIS-SOP-TA-004 was followed for managing post-submission progress?,A verbal update in the daily standup with no system entry.,"A generic completion message that does not include evidence, owner, or next step.",A personal note or spreadsheet maintained by one team member only.,"Interview schedule, prep confirmation, feedback, offer terms, start date, no-show/dropout reason, and post-start check-in notes.",D,"Interview schedule, prep confirmation, feedback, offer terms, start date, no-show/dropout reason, and post-start check-in notes.","The record must be specific enough for another team member or auditor to understand the action, status, and evidence.",documentation|system_record,True,False,1
HIS-TRN-TA-004-Q04,HIS-TRN-TA-004,HIS-SOP-TA-004,4,scenario_single_choice,scenario_application,Scenario: A client sends interview availability but the candidate has not confirmed the time. What is the best response?,"Confirm candidate availability, send clear prep details, update Ceipal, and close the loop with the client/AM.",Treat the issue as resolved if a verbal confirmation was received.,Ask the team to handle it informally because the situation is time-sensitive.,Move forward quickly and document the exception only if a problem occurs.,A,"Confirm candidate availability, send clear prep details, update Ceipal, and close the loop with the client/AM.","The best response applies the SOP control before the issue turns into a delivery, compliance, or communication failure.",scenario|edge_case,True,False,1
HIS-TRN-TA-004-Q05,HIS-TRN-TA-004,HIS-SOP-TA-004,5,single_choice,analysis,What is the most realistic misunderstanding that would weaken HIS-SOP-TA-004?,Assuming an interview scheduled by phone is complete even when it is not confirmed in the system.,"Treating the process as complete after submission instead of managing interview, offer, start, and post-start follow-through.","Treating offer acceptance as final without documenting pay agreement, start date, and pending conditions.",Ending candidate follow-up after offer acceptance instead of confirming start readiness and early retention.,B,"Treating the process as complete after submission instead of managing interview, offer, start, and post-start follow-through.","The correct answer is the most direct misunderstanding that would break the SOP’s operating control. The distractors are plausible misunderstandings, but they are either narrower, secondary, or less central to this SOP.",misconception|analysis|module_specific,True,False,1
HIS-TRN-TA-004-Q06,HIS-TRN-TA-004,HIS-SOP-TA-004,6,single_choice,application,Who should own or verify the key control for HIS-SOP-TA-004?,"Only the newest team member working the task, because they are closest to the work.",No assigned owner is needed if the team discusses it in a meeting.,Recruiter coordinates candidate; AM/Manager manages client feedback and escalation.,Any person can close it without review if the outcome looks positive.,C,Recruiter coordinates candidate; AM/Manager manages client feedback and escalation.,Ownership must match the SOP’s operating responsibility so accountability does not disappear in remote work.,ownership|manager_control,True,False,1
HIS-TRN-TA-004-Q07,HIS-TRN-TA-004,HIS-SOP-TA-004,7,scenario_single_choice,scenario_application,Scenario: A candidate accepts verbally but has concerns about start date paperwork. What should happen next?,Keep the issue in a private note until the final outcome is known.,Let the person who discovered the issue decide without involving the required owner or workflow.,Continue using the old information because changing records mid-process creates extra work.,"Document the concern, coordinate onboarding/support, confirm final terms in writing, and track start readiness.",D,"Document the concern, coordinate onboarding/support, confirm final terms in writing, and track start readiness.","The scenario tests the second-level application of the SOP when work changes, conflicts, or becomes risky.",scenario|second_scenario,True,False,1
HIS-TRN-TA-004-Q08,HIS-TRN-TA-004,HIS-SOP-TA-004,8,single_choice,evaluation,Which evidence would best show that HIS-SOP-TA-004 is working after rollout?,Improved interview-to-offer and offer-to-start conversion with fewer missed updates.,"Most employees say in chat that they understand the SOP, but no workflow data is reviewed.","The SOP exists in a folder, even if training, acknowledgment, and audits are incomplete.","Managers remember discussing the SOP, but there is no KPI, record, or compliance evidence.",A,Improved interview-to-offer and offer-to-start conversion with fewer missed updates.,"The success measure must connect the SOP to measurable adoption, quality, compliance, or business impact.",success_measure|kpi,True,False,1
HIS-TRN-HC-001-Q01,HIS-TRN-HC-001,HIS-SOP-HC-001,1,single_choice,understanding,"For HIS-SOP-HC-001 (healthcare credential readiness), what is the primary business reason the SOP exists?",To collect healthcare documents only after the client selects the candidate.,To treat all healthcare roles as having the same credential packet requirements.,"Ensures healthcare candidates are credential-aware and packet-ready for roles requiring licenses, certifications, IDs, skills checklists, and program documents.",To submit healthcare candidates first and resolve license/certification gaps during onboarding.,C,"Ensures healthcare candidates are credential-aware and packet-ready for roles requiring licenses, certifications, IDs, skills checklists, and program documents.",The correct answer describes the actual business outcome of this SOP. The other options are realistic but unsafe shortcuts or misunderstandings that would weaken the operating standard.,purpose|business_value,True,False,1
HIS-TRN-HC-001-Q02,HIS-TRN-HC-001,HIS-SOP-HC-001,2,single_choice,application,"Before preparing a healthcare submission packet is treated as ready under HIS-SOP-HC-001, which control is required?","Proceed if the candidate/client seems urgent, even if required records are not complete.",Use the most recent email or chat thread as the only working standard.,"Start execution once the manager gives a verbal go-ahead, then add missing fields at week end.","Role-specific licenses, certifications, IDs, skills checklist, expiration dates, and secure document status must be verified before packet submission.",D,"Role-specific licenses, certifications, IDs, skills checklist, expiration dates, and secure document status must be verified before packet submission.",Readiness requires the module-specific control to be completed and visible in the approved system.,required_control|readiness,True,False,1
HIS-TRN-HC-001-Q03,HIS-TRN-HC-001,HIS-SOP-HC-001,3,single_choice,application,Which record best proves HIS-SOP-HC-001 was followed for preparing a healthcare submission packet?,"Credential checklist, expiration dates, document status, ProKred/packet progress, missing items, and compliance notes.",A personal note or spreadsheet maintained by one team member only.,A verbal update in the daily standup with no system entry.,"A generic completion message that does not include evidence, owner, or next step.",A,"Credential checklist, expiration dates, document status, ProKred/packet progress, missing items, and compliance notes.","The record must be specific enough for another team member or auditor to understand the action, status, and evidence.",documentation|system_record,True,False,1
HIS-TRN-HC-001-Q04,HIS-TRN-HC-001,HIS-SOP-HC-001,4,scenario_single_choice,scenario_application,Scenario: An RN candidate has a resume and license number but BLS expiration is unclear. What is the best response?,Treat the issue as resolved if a verbal confirmation was received.,Request/verify BLS details through the approved secure workflow and mark packet status pending until resolved.,Move forward quickly and document the exception only if a problem occurs.,Ask the team to handle it informally because the situation is time-sensitive.,B,Request/verify BLS details through the approved secure workflow and mark packet status pending until resolved.,"The best response applies the SOP control before the issue turns into a delivery, compliance, or communication failure.",scenario|edge_case,True,False,1
HIS-TRN-HC-001-Q05,HIS-TRN-HC-001,HIS-SOP-HC-001,5,single_choice,analysis,What is the most realistic misunderstanding that would weaken HIS-SOP-HC-001?,Assuming an active license alone proves the full credential packet is submission-ready.,Treating missing BLS/ACLS or state-specific documents as onboarding issues rather than submission risks.,Treating healthcare credential packet readiness as an onboarding issue rather than a submission-quality and compliance control.,Using candidate screenshots as proof without checking whether the program accepts that document format.,C,Treating healthcare credential packet readiness as an onboarding issue rather than a submission-quality and compliance control.,"The correct answer is the most direct misunderstanding that would break the SOP’s operating control. The distractors are plausible misunderstandings, but they are either narrower, secondary, or less central to this SOP.",misconception|analysis|module_specific,True,False,1
HIS-TRN-HC-001-Q06,HIS-TRN-HC-001,HIS-SOP-HC-001,6,single_choice,application,Who should own or verify the key control for HIS-SOP-HC-001?,Any person can close it without review if the outcome looks positive.,"Only the newest team member working the task, because they are closest to the work.",No assigned owner is needed if the team discusses it in a meeting.,Healthcare recruiter gathers; compliance/lead reviews packet completeness for applicable roles.,D,Healthcare recruiter gathers; compliance/lead reviews packet completeness for applicable roles.,Ownership must match the SOP’s operating responsibility so accountability does not disappear in remote work.,ownership|manager_control,True,False,1
HIS-TRN-HC-001-Q07,HIS-TRN-HC-001,HIS-SOP-HC-001,7,scenario_single_choice,scenario_application,Scenario: A candidate sends IDs and certifications through an unsafe personal channel. What should happen next?,Move the process to the approved secure collection channel and avoid storing or forwarding documents casually.,Continue using the old information because changing records mid-process creates extra work.,Keep the issue in a private note until the final outcome is known.,Let the person who discovered the issue decide without involving the required owner or workflow.,A,Move the process to the approved secure collection channel and avoid storing or forwarding documents casually.,"The scenario tests the second-level application of the SOP when work changes, conflicts, or becomes risky.",scenario|second_scenario,True,False,1
HIS-TRN-HC-001-Q08,HIS-TRN-HC-001,HIS-SOP-HC-001,8,single_choice,evaluation,Which evidence would best show that HIS-SOP-HC-001 is working after rollout?,"Most employees say in chat that they understand the SOP, but no workflow data is reviewed.",95%+ healthcare credential packet completeness for applicable submissions.,"The SOP exists in a folder, even if training, acknowledgment, and audits are incomplete.","Managers remember discussing the SOP, but there is no KPI, record, or compliance evidence.",B,95%+ healthcare credential packet completeness for applicable submissions.,"The success measure must connect the SOP to measurable adoption, quality, compliance, or business impact.",success_measure|kpi,True,False,1
HIS-TRN-IT-001-Q01,HIS-TRN-IT-001,HIS-SOP-IT-001,1,single_choice,understanding,"For HIS-SOP-IT-001 (IT staffing delivery), what is the primary business reason the SOP exists?",To submit IT candidates based mainly on keyword matches without validating technical fit.,To let candidates self-rate skills without recruiter screening or evidence from project history.,"To use the same screening depth for every IT role regardless of seniority, client, or tech stack.","Provides consistent IT role intake, technical screening, candidate positioning, rate alignment, and submission governance.",D,"Provides consistent IT role intake, technical screening, candidate positioning, rate alignment, and submission governance.",The correct answer describes the actual business outcome of this SOP. The other options are realistic but unsafe shortcuts or misunderstandings that would weaken the operating standard.,purpose|business_value,True,False,1
HIS-TRN-IT-001-Q02,HIS-TRN-IT-001,HIS-SOP-IT-001,2,single_choice,application,"Before screening an IT candidate is treated as ready under HIS-SOP-IT-001, which control is required?","Tech stack, domain fit, seniority, work authorization, availability, rate, resume evidence, and submission narrative must be validated.","Proceed if the candidate/client seems urgent, even if required records are not complete.","Start execution once the manager gives a verbal go-ahead, then add missing fields at week end.",Use the most recent email or chat thread as the only working standard.,A,"Tech stack, domain fit, seniority, work authorization, availability, rate, resume evidence, and submission narrative must be validated.",Readiness requires the module-specific control to be completed and visible in the approved system.,required_control|readiness,True,False,1
HIS-TRN-IT-001-Q03,HIS-TRN-IT-001,HIS-SOP-IT-001,3,single_choice,application,Which record best proves HIS-SOP-IT-001 was followed for screening an IT candidate?,"A generic completion message that does not include evidence, owner, or next step.","Technical screen notes, must-have skill evidence, work authorization handling, rate/availability, and submission narrative.",A personal note or spreadsheet maintained by one team member only.,A verbal update in the daily standup with no system entry.,B,"Technical screen notes, must-have skill evidence, work authorization handling, rate/availability, and submission narrative.","The record must be specific enough for another team member or auditor to understand the action, status, and evidence.",documentation|system_record,True,False,1
HIS-TRN-IT-001-Q04,HIS-TRN-IT-001,HIS-SOP-IT-001,4,scenario_single_choice,scenario_application,"Scenario: A candidate lists React and AWS, but cannot explain recent hands-on project work. What is the best response?",Treat the issue as resolved if a verbal confirmation was received.,Ask the team to handle it informally because the situation is time-sensitive.,Document the gap and avoid positioning the candidate as a strong hands-on match unless evidence supports it.,Move forward quickly and document the exception only if a problem occurs.,C,Document the gap and avoid positioning the candidate as a strong hands-on match unless evidence supports it.,"The best response applies the SOP control before the issue turns into a delivery, compliance, or communication failure.",scenario|edge_case,True,False,1
HIS-TRN-IT-001-Q05,HIS-TRN-IT-001,HIS-SOP-IT-001,5,single_choice,analysis,What is the most realistic misunderstanding that would weaken HIS-SOP-IT-001?,Assuming keyword overlap means technical match even when recent hands-on experience is unclear.,Ignoring work authorization or location constraints until after the technical interview.,Treating a candidate’s preferred tool stack as equivalent to the client’s required production experience.,"Treating keyword match as enough for IT submission without validating technical depth, recency, authorization, and role fit.",D,"Treating keyword match as enough for IT submission without validating technical depth, recency, authorization, and role fit.","The correct answer is the most direct misunderstanding that would break the SOP’s operating control. The distractors are plausible misunderstandings, but they are either narrower, secondary, or less central to this SOP.",misconception|analysis|module_specific,True,False,1
HIS-TRN-IT-001-Q06,HIS-TRN-IT-001,HIS-SOP-IT-001,6,single_choice,application,Who should own or verify the key control for HIS-SOP-IT-001?,IT recruiter validates facts; senior/manager reviews complex technical fit or rate risk.,Any person can close it without review if the outcome looks positive.,"Only the newest team member working the task, because they are closest to the work.",No assigned owner is needed if the team discusses it in a meeting.,A,IT recruiter validates facts; senior/manager reviews complex technical fit or rate risk.,Ownership must match the SOP’s operating responsibility so accountability does not disappear in remote work.,ownership|manager_control,True,False,1
HIS-TRN-IT-001-Q07,HIS-TRN-IT-001,HIS-SOP-IT-001,7,scenario_single_choice,scenario_application,"Scenario: A client requires onsite work in California, but the candidate is remote-only. What should happen next?",Let the person who discovered the issue decide without involving the required owner or workflow.,Do not submit as aligned; clarify flexibility or route the candidate to a better-fit role.,Keep the issue in a private note until the final outcome is known.,Continue using the old information because changing records mid-process creates extra work.,B,Do not submit as aligned; clarify flexibility or route the candidate to a better-fit role.,"The scenario tests the second-level application of the SOP when work changes, conflicts, or becomes risky.",scenario|second_scenario,True,False,1
HIS-TRN-IT-001-Q08,HIS-TRN-IT-001,HIS-SOP-IT-001,8,single_choice,evaluation,Which evidence would best show that HIS-SOP-IT-001 is working after rollout?,"Most employees say in chat that they understand the SOP, but no workflow data is reviewed.","The SOP exists in a folder, even if training, acknowledgment, and audits are incomplete.","Better technical fit, fewer weak resumes, and improved submission-to-interview conversion.","Managers remember discussing the SOP, but there is no KPI, record, or compliance evidence.",C,"Better technical fit, fewer weak resumes, and improved submission-to-interview conversion.","The success measure must connect the SOP to measurable adoption, quality, compliance, or business impact.",success_measure|kpi,True,False,1
HIS-TRN-ENG-001-Q01,HIS-TRN-ENG-001,HIS-SOP-ENG-001,1,single_choice,understanding,"For HIS-SOP-ENG-001 (engineering/professional services delivery), what is the primary business reason the SOP exists?","Extends delivery discipline beyond healthcare and IT into engineering, professional services, finance, admin, operations, and other specialized roles.",To handle engineering and professional services roles using the same logic as healthcare credentialing.,To source specialized business roles without clarifying vertical-specific success factors.,To treat professional services submissions as resume forwarding rather than evidence-backed fit.,A,"Extends delivery discipline beyond healthcare and IT into engineering, professional services, finance, admin, operations, and other specialized roles.",The correct answer describes the actual business outcome of this SOP. The other options are realistic but unsafe shortcuts or misunderstandings that would weaken the operating standard.,purpose|business_value,True,False,1
HIS-TRN-ENG-001-Q02,HIS-TRN-ENG-001,HIS-SOP-ENG-001,2,single_choice,application,"Before working non-healthcare and non-IT professional roles is treated as ready under HIS-SOP-ENG-001, which control is required?",Use the most recent email or chat thread as the only working standard.,"Vertical context, must-haves, licenses/certs/portfolio needs, professional evidence, and role-specific screening must be captured.","Start execution once the manager gives a verbal go-ahead, then add missing fields at week end.","Proceed if the candidate/client seems urgent, even if required records are not complete.",B,"Vertical context, must-haves, licenses/certs/portfolio needs, professional evidence, and role-specific screening must be captured.",Readiness requires the module-specific control to be completed and visible in the approved system.,required_control|readiness,True,False,1
HIS-TRN-ENG-001-Q03,HIS-TRN-ENG-001,HIS-SOP-ENG-001,3,single_choice,application,Which record best proves HIS-SOP-ENG-001 was followed for working non-healthcare and non-IT professional roles?,"A generic completion message that does not include evidence, owner, or next step.",A verbal update in the daily standup with no system entry.,"Vertical context notes, qualification evidence, required credential/portfolio status, and screening summary.",A personal note or spreadsheet maintained by one team member only.,C,"Vertical context notes, qualification evidence, required credential/portfolio status, and screening summary.","The record must be specific enough for another team member or auditor to understand the action, status, and evidence.",documentation|system_record,True,False,1
HIS-TRN-ENG-001-Q04,HIS-TRN-ENG-001,HIS-SOP-ENG-001,4,scenario_single_choice,scenario_application,Scenario: A recruiter treats a finance operations role like a generic admin role and ignores domain experience. What is the best response?,Ask the team to handle it informally because the situation is time-sensitive.,Move forward quickly and document the exception only if a problem occurs.,Treat the issue as resolved if a verbal confirmation was received.,Revisit the vertical context and screen for role-specific evidence before sourcing or submission.,D,Revisit the vertical context and screen for role-specific evidence before sourcing or submission.,"The best response applies the SOP control before the issue turns into a delivery, compliance, or communication failure.",scenario|edge_case,True,False,1
HIS-TRN-ENG-001-Q05,HIS-TRN-ENG-001,HIS-SOP-ENG-001,5,single_choice,analysis,What is the most realistic misunderstanding that would weaken HIS-SOP-ENG-001?,Using generic staffing screening for engineering/professional roles without validating vertical-specific evidence and client success factors.,"Assuming an engineering/professional title match is enough without validating domain, project, and deliverable context.",Using healthcare or IT screening templates without adapting them to the specialized vertical.,Submitting professional services candidates without clarifying client-facing expectations or portfolio evidence.,A,Using generic staffing screening for engineering/professional roles without validating vertical-specific evidence and client success factors.,"The correct answer is the most direct misunderstanding that would break the SOP’s operating control. The distractors are plausible misunderstandings, but they are either narrower, secondary, or less central to this SOP.",misconception|analysis|module_specific,True,False,1
HIS-TRN-ENG-001-Q06,HIS-TRN-ENG-001,HIS-SOP-ENG-001,6,single_choice,application,Who should own or verify the key control for HIS-SOP-ENG-001?,"Only the newest team member working the task, because they are closest to the work.",Recruiter validates domain evidence; manager confirms vertical-specific delivery standard.,Any person can close it without review if the outcome looks positive.,No assigned owner is needed if the team discusses it in a meeting.,B,Recruiter validates domain evidence; manager confirms vertical-specific delivery standard.,Ownership must match the SOP’s operating responsibility so accountability does not disappear in remote work.,ownership|manager_control,True,False,1
HIS-TRN-ENG-001-Q07,HIS-TRN-ENG-001,HIS-SOP-ENG-001,7,scenario_single_choice,scenario_application,"Scenario: An engineering role requires a license/portfolio, but the candidate only provided a generic resume. What should happen next?",Let the person who discovered the issue decide without involving the required owner or workflow.,Continue using the old information because changing records mid-process creates extra work.,Request the required evidence or mark the candidate not submission-ready.,Keep the issue in a private note until the final outcome is known.,C,Request the required evidence or mark the candidate not submission-ready.,"The scenario tests the second-level application of the SOP when work changes, conflicts, or becomes risky.",scenario|second_scenario,True,False,1
HIS-TRN-ENG-001-Q08,HIS-TRN-ENG-001,HIS-SOP-ENG-001,8,single_choice,evaluation,Which evidence would best show that HIS-SOP-ENG-001 is working after rollout?,"The SOP exists in a folder, even if training, acknowledgment, and audits are incomplete.","Managers remember discussing the SOP, but there is no KPI, record, or compliance evidence.","Most employees say in chat that they understand the SOP, but no workflow data is reviewed.",Consistent delivery standards across Engineering and Professional Services roles.,D,Consistent delivery standards across Engineering and Professional Services roles.,"The success measure must connect the SOP to measurable adoption, quality, compliance, or business impact.",success_measure|kpi,True,False,1
HIS-TRN-SALES-001-Q01,HIS-TRN-SALES-001,HIS-SOP-SALES-001,1,single_choice,understanding,"For HIS-SOP-SALES-001 (client/MSP/VMS and rate governance), what is the primary business reason the SOP exists?",To let account managers handle rate or client escalations informally when the relationship is strong.,"Controls client communication, MSP/VMS rules, rate/margin decisions, escalations, submission formats, and feedback loops.",To prioritize client responsiveness over documented margin and submission rules.,To treat MSP/VMS instructions as flexible unless the client complains.,B,"Controls client communication, MSP/VMS rules, rate/margin decisions, escalations, submission formats, and feedback loops.",The correct answer describes the actual business outcome of this SOP. The other options are realistic but unsafe shortcuts or misunderstandings that would weaken the operating standard.,purpose|business_value,True,False,1
HIS-TRN-SALES-001-Q02,HIS-TRN-SALES-001,HIS-SOP-SALES-001,2,single_choice,application,"Before managing client or MSP/VMS requirements is treated as ready under HIS-SOP-SALES-001, which control is required?","Proceed if the candidate/client seems urgent, even if required records are not complete.","Start execution once the manager gives a verbal go-ahead, then add missing fields at week end.","Client requirements, MSP/VMS rules, rate/margin guardrails, authorized communication channel, escalation path, and feedback loop must be documented.",Use the most recent email or chat thread as the only working standard.,C,"Client requirements, MSP/VMS rules, rate/margin guardrails, authorized communication channel, escalation path, and feedback loop must be documented.",Readiness requires the module-specific control to be completed and visible in the approved system.,required_control|readiness,True,False,1
HIS-TRN-SALES-001-Q03,HIS-TRN-SALES-001,HIS-SOP-SALES-001,3,single_choice,application,Which record best proves HIS-SOP-SALES-001 was followed for managing client or MSP/VMS requirements?,"A generic completion message that does not include evidence, owner, or next step.",A personal note or spreadsheet maintained by one team member only.,A verbal update in the daily standup with no system entry.,"Client requirement notes, VMS rules, rate/margin approval, communication channel, escalation log, and feedback history.",D,"Client requirement notes, VMS rules, rate/margin approval, communication channel, escalation log, and feedback history.","The record must be specific enough for another team member or auditor to understand the action, status, and evidence.",documentation|system_record,True,False,1
HIS-TRN-SALES-001-Q04,HIS-TRN-SALES-001,HIS-SOP-SALES-001,4,scenario_single_choice,scenario_application,Scenario: A recruiter wants to contact a client hiring manager directly although the MSP requires all communication through VMS. What is the best response?,Follow MSP/VMS communication rules and escalate through the approved account channel.,Move forward quickly and document the exception only if a problem occurs.,Treat the issue as resolved if a verbal confirmation was received.,Ask the team to handle it informally because the situation is time-sensitive.,A,Follow MSP/VMS communication rules and escalate through the approved account channel.,"The best response applies the SOP control before the issue turns into a delivery, compliance, or communication failure.",scenario|edge_case,True,False,1
HIS-TRN-SALES-001-Q05,HIS-TRN-SALES-001,HIS-SOP-SALES-001,5,single_choice,analysis,What is the most realistic misunderstanding that would weaken HIS-SOP-SALES-001?,"Assuming a verbal client update is enough when rate, submission, or escalation details changed.","Handling client, MSP/VMS, rate, or escalation changes verbally without updating the approved client communication and governance record.",Sharing client exceptions directly with recruiters before margin or approval guardrails are documented.,Treating MSP/VMS communication rules as optional for long-standing client relationships.,B,"Handling client, MSP/VMS, rate, or escalation changes verbally without updating the approved client communication and governance record.","The correct answer is the most direct misunderstanding that would break the SOP’s operating control. The distractors are plausible misunderstandings, but they are either narrower, secondary, or less central to this SOP.",misconception|analysis|module_specific,True,False,1
HIS-TRN-SALES-001-Q06,HIS-TRN-SALES-001,HIS-SOP-SALES-001,6,single_choice,application,Who should own or verify the key control for HIS-SOP-SALES-001?,Any person can close it without review if the outcome looks positive.,"Only the newest team member working the task, because they are closest to the work.",AM/Sales owns client/rate governance; delivery manager aligns recruiters.,No assigned owner is needed if the team discusses it in a meeting.,C,AM/Sales owns client/rate governance; delivery manager aligns recruiters.,Ownership must match the SOP’s operating responsibility so accountability does not disappear in remote work.,ownership|manager_control,True,False,1
HIS-TRN-SALES-001-Q07,HIS-TRN-SALES-001,HIS-SOP-SALES-001,7,scenario_single_choice,scenario_application,Scenario: A client asks for a lower bill rate that may break margin. What should happen next?,Let the person who discovered the issue decide without involving the required owner or workflow.,Keep the issue in a private note until the final outcome is known.,Continue using the old information because changing records mid-process creates extra work.,Route the exception for approval and document the rate decision before committing.,D,Route the exception for approval and document the rate decision before committing.,"The scenario tests the second-level application of the SOP when work changes, conflicts, or becomes risky.",scenario|second_scenario,True,False,1
HIS-TRN-SALES-001-Q08,HIS-TRN-SALES-001,HIS-SOP-SALES-001,8,single_choice,evaluation,Which evidence would best show that HIS-SOP-SALES-001 is working after rollout?,100% rate/margin exceptions documented and fewer client communication gaps.,"Managers remember discussing the SOP, but there is no KPI, record, or compliance evidence.","Most employees say in chat that they understand the SOP, but no workflow data is reviewed.","The SOP exists in a folder, even if training, acknowledgment, and audits are incomplete.",A,100% rate/margin exceptions documented and fewer client communication gaps.,"The success measure must connect the SOP to measurable adoption, quality, compliance, or business impact.",success_measure|kpi,True,False,1
HIS-TRN-BD-001-Q01,HIS-TRN-BD-001,HIS-SOP-BD-001,1,single_choice,understanding,"For HIS-SOP-BD-001 (business development and onboarding), what is the primary business reason the SOP exists?",To generate more outreach activity without standardizing client qualification and handoff.,"To move prospects to delivery before scope, terms, and onboarding expectations are clear.","Standardizes how Hire'in prospects new clients, qualifies opportunities, prepares proposals/RFPs, and hands new accounts to delivery.",To treat a positive prospect call as an active client without proposal or approval documentation.,C,"Standardizes how Hire'in prospects new clients, qualifies opportunities, prepares proposals/RFPs, and hands new accounts to delivery.",The correct answer describes the actual business outcome of this SOP. The other options are realistic but unsafe shortcuts or misunderstandings that would weaken the operating standard.,purpose|business_value,True,False,1
HIS-TRN-BD-001-Q02,HIS-TRN-BD-001,HIS-SOP-BD-001,2,single_choice,application,"Before bringing in a new client opportunity is treated as ready under HIS-SOP-BD-001, which control is required?","Start execution once the manager gives a verbal go-ahead, then add missing fields at week end.","Proceed if the candidate/client seems urgent, even if required records are not complete.",Use the most recent email or chat thread as the only working standard.,"Prospect qualification, discovery, needs, proposal/RFP approval, commercial terms, and delivery handoff must be structured.",D,"Prospect qualification, discovery, needs, proposal/RFP approval, commercial terms, and delivery handoff must be structured.",Readiness requires the module-specific control to be completed and visible in the approved system.,required_control|readiness,True,False,1
HIS-TRN-BD-001-Q03,HIS-TRN-BD-001,HIS-SOP-BD-001,3,single_choice,application,Which record best proves HIS-SOP-BD-001 was followed for bringing in a new client opportunity?,"Prospect profile, discovery notes, proposal/RFP status, approved terms, client onboarding checklist, and handoff notes.",A personal note or spreadsheet maintained by one team member only.,A verbal update in the daily standup with no system entry.,"A generic completion message that does not include evidence, owner, or next step.",A,"Prospect profile, discovery notes, proposal/RFP status, approved terms, client onboarding checklist, and handoff notes.","The record must be specific enough for another team member or auditor to understand the action, status, and evidence.",documentation|system_record,True,False,1
HIS-TRN-BD-001-Q04,HIS-TRN-BD-001,HIS-SOP-BD-001,4,scenario_single_choice,scenario_application,Scenario: A prospect asks for immediate candidate profiles before terms or requirement details are confirmed. What is the best response?,Ask the team to handle it informally because the situation is time-sensitive.,"Complete discovery, confirm commercial path/terms, and align delivery handoff before sending profiles.",Treat the issue as resolved if a verbal confirmation was received.,Move forward quickly and document the exception only if a problem occurs.,B,"Complete discovery, confirm commercial path/terms, and align delivery handoff before sending profiles.","The best response applies the SOP control before the issue turns into a delivery, compliance, or communication failure.",scenario|edge_case,True,False,1
HIS-TRN-BD-001-Q05,HIS-TRN-BD-001,HIS-SOP-BD-001,5,single_choice,analysis,What is the most realistic misunderstanding that would weaken HIS-SOP-BD-001?,Assuming a warm prospect is ready for delivery handoff before decision criteria and next steps are recorded.,Skipping client onboarding notes because the BD owner can brief delivery verbally.,"Treating a prospect conversation as ready for delivery handoff before qualification, proposal terms, and onboarding expectations are documented.","Using a proposal template without tailoring proof points, service scope, and commercial assumptions.",C,"Treating a prospect conversation as ready for delivery handoff before qualification, proposal terms, and onboarding expectations are documented.","The correct answer is the most direct misunderstanding that would break the SOP’s operating control. The distractors are plausible misunderstandings, but they are either narrower, secondary, or less central to this SOP.",misconception|analysis|module_specific,True,False,1
HIS-TRN-BD-001-Q06,HIS-TRN-BD-001,HIS-SOP-BD-001,6,single_choice,application,Who should own or verify the key control for HIS-SOP-BD-001?,No assigned owner is needed if the team discusses it in a meeting.,"Only the newest team member working the task, because they are closest to the work.",Any person can close it without review if the outcome looks positive.,BD/Sales owns prospecting and proposal; AM/Delivery owns handoff to execution.,D,BD/Sales owns prospecting and proposal; AM/Delivery owns handoff to execution.,Ownership must match the SOP’s operating responsibility so accountability does not disappear in remote work.,ownership|manager_control,True,False,1
HIS-TRN-BD-001-Q07,HIS-TRN-BD-001,HIS-SOP-BD-001,7,scenario_single_choice,scenario_application,Scenario: A proposal promises 24-hour turnaround without delivery validation. What should happen next?,Validate delivery capacity and approval before committing the SLA in writing.,Continue using the old information because changing records mid-process creates extra work.,Keep the issue in a private note until the final outcome is known.,Let the person who discovered the issue decide without involving the required owner or workflow.,A,Validate delivery capacity and approval before committing the SLA in writing.,"The scenario tests the second-level application of the SOP when work changes, conflicts, or becomes risky.",scenario|second_scenario,True,False,1
HIS-TRN-BD-001-Q08,HIS-TRN-BD-001,HIS-SOP-BD-001,8,single_choice,evaluation,Which evidence would best show that HIS-SOP-BD-001 is working after rollout?,"Most employees say in chat that they understand the SOP, but no workflow data is reviewed.",More qualified opportunities and smoother client onboarding to delivery.,"Managers remember discussing the SOP, but there is no KPI, record, or compliance evidence.","The SOP exists in a folder, even if training, acknowledgment, and audits are incomplete.",B,More qualified opportunities and smoother client onboarding to delivery.,"The success measure must connect the SOP to measurable adoption, quality, compliance, or business impact.",success_measure|kpi,True,False,1
HIS-TRN-MKT-001-Q01,HIS-TRN-MKT-001,HIS-SOP-MKT-001,1,single_choice,understanding,"For HIS-SOP-MKT-001 (marketing and lead generation), what is the primary business reason the SOP exists?",To let anyone publish brand content quickly when the post sounds positive for Hire’in.,"To focus only on social activity volume without checking audience, claims, approvals, or lead purpose.",To use candidate/client stories in marketing without verifying privacy and permission boundaries.,"Turns marketing into a delivery accelerator by standardizing brand voice, candidate attraction, client credibility, insights, content approvals, and lead generation.",D,"Turns marketing into a delivery accelerator by standardizing brand voice, candidate attraction, client credibility, insights, content approvals, and lead generation.",The correct answer describes the actual business outcome of this SOP. The other options are realistic but unsafe shortcuts or misunderstandings that would weaken the operating standard.,purpose|business_value,True,False,1
HIS-TRN-MKT-001-Q02,HIS-TRN-MKT-001,HIS-SOP-MKT-001,2,single_choice,application,"Before publishing staffing content or campaigns is treated as ready under HIS-SOP-MKT-001, which control is required?","Audience, message, claim basis, CTA, review/approval, publishing calendar, and lead routing must be documented.",Use the most recent email or chat thread as the only working standard.,"Proceed if the candidate/client seems urgent, even if required records are not complete.","Start execution once the manager gives a verbal go-ahead, then add missing fields at week end.",A,"Audience, message, claim basis, CTA, review/approval, publishing calendar, and lead routing must be documented.",Readiness requires the module-specific control to be completed and visible in the approved system.,required_control|readiness,True,False,1
HIS-TRN-MKT-001-Q03,HIS-TRN-MKT-001,HIS-SOP-MKT-001,3,single_choice,application,Which record best proves HIS-SOP-MKT-001 was followed for publishing staffing content or campaigns?,"A generic completion message that does not include evidence, owner, or next step.","Content brief, source/claim basis, approval status, CTA, publishing date, campaign owner, and lead handoff.",A verbal update in the daily standup with no system entry.,A personal note or spreadsheet maintained by one team member only.,B,"Content brief, source/claim basis, approval status, CTA, publishing date, campaign owner, and lead handoff.","The record must be specific enough for another team member or auditor to understand the action, status, and evidence.",documentation|system_record,True,False,1
HIS-TRN-MKT-001-Q04,HIS-TRN-MKT-001,HIS-SOP-MKT-001,4,scenario_single_choice,scenario_application,Scenario: A post claims Hire’in fills roles in hours without evidence or approval. What is the best response?,Move forward quickly and document the exception only if a problem occurs.,Ask the team to handle it informally because the situation is time-sensitive.,Revise the claim to evidence-supported language and route it through the content approval workflow.,Treat the issue as resolved if a verbal confirmation was received.,C,Revise the claim to evidence-supported language and route it through the content approval workflow.,"The best response applies the SOP control before the issue turns into a delivery, compliance, or communication failure.",scenario|edge_case,True,False,1
HIS-TRN-MKT-001-Q05,HIS-TRN-MKT-001,HIS-SOP-MKT-001,5,single_choice,analysis,What is the most realistic misunderstanding that would weaken HIS-SOP-MKT-001?,Assuming a post is safe because it supports Hire’in’s brand even when claims are not reviewed.,"Treating likes and impressions as success even if the content does not support hiring, candidate trust, or BD.","Publishing role or client-related content without confirming approval, confidentiality, and audience fit.","Publishing or promoting content without approved positioning, claim checks, audience fit, and lead-generation purpose.",D,"Publishing or promoting content without approved positioning, claim checks, audience fit, and lead-generation purpose.","The correct answer is the most direct misunderstanding that would break the SOP’s operating control. The distractors are plausible misunderstandings, but they are either narrower, secondary, or less central to this SOP.",misconception|analysis|module_specific,True,False,1
HIS-TRN-MKT-001-Q06,HIS-TRN-MKT-001,HIS-SOP-MKT-001,6,single_choice,application,Who should own or verify the key control for HIS-SOP-MKT-001?,Marketing drafts; reviewer/CMO/CEO approves claims and publishing where required.,No assigned owner is needed if the team discusses it in a meeting.,"Only the newest team member working the task, because they are closest to the work.",Any person can close it without review if the outcome looks positive.,A,Marketing drafts; reviewer/CMO/CEO approves claims and publishing where required.,Ownership must match the SOP’s operating responsibility so accountability does not disappear in remote work.,ownership|manager_control,True,False,1
HIS-TRN-MKT-001-Q07,HIS-TRN-MKT-001,HIS-SOP-MKT-001,7,scenario_single_choice,scenario_application,Scenario: A LinkedIn campaign generates leads but no one owns follow-up. What should happen next?,Let the person who discovered the issue decide without involving the required owner or workflow.,Assign lead ownership and route leads to BD/Sales with follow-up status tracked.,Keep the issue in a private note until the final outcome is known.,Continue using the old information because changing records mid-process creates extra work.,B,Assign lead ownership and route leads to BD/Sales with follow-up status tracked.,"The scenario tests the second-level application of the SOP when work changes, conflicts, or becomes risky.",scenario|second_scenario,True,False,1
HIS-TRN-MKT-001-Q08,HIS-TRN-MKT-001,HIS-SOP-MKT-001,8,single_choice,evaluation,Which evidence would best show that HIS-SOP-MKT-001 is working after rollout?,"Most employees say in chat that they understand the SOP, but no workflow data is reviewed.","Managers remember discussing the SOP, but there is no KPI, record, or compliance evidence.","Consistent brand voice, approved claims, and trackable leads from content.","The SOP exists in a folder, even if training, acknowledgment, and audits are incomplete.",C,"Consistent brand voice, approved claims, and trackable leads from content.","The success measure must connect the SOP to measurable adoption, quality, compliance, or business impact.",success_measure|kpi,True,False,1
HIS-TRN-CX-001-Q01,HIS-TRN-CX-001,HIS-SOP-CX-001,1,single_choice,understanding,"For HIS-SOP-CX-001 (candidate experience), what is the primary business reason the SOP exists?","Makes candidate communication, rejection handling, interview prep, placement follow-up, re-engagement, and referrals consistent.",To communicate only with candidates who are likely to be submitted or placed.,To let rejection or delay communication depend on recruiter availability rather than a service standard.,To focus on candidate experience only after interviews are scheduled.,A,"Makes candidate communication, rejection handling, interview prep, placement follow-up, re-engagement, and referrals consistent.",The correct answer describes the actual business outcome of this SOP. The other options are realistic but unsafe shortcuts or misunderstandings that would weaken the operating standard.,purpose|business_value,True,False,1
HIS-TRN-CX-001-Q02,HIS-TRN-CX-001,HIS-SOP-CX-001,2,single_choice,application,"Before communicating with candidates across the lifecycle is treated as ready under HIS-SOP-CX-001, which control is required?","Proceed if the candidate/client seems urgent, even if required records are not complete.","Role explanation, next steps, communication log, follow-up date, rejection/feedback handling, and re-engagement plan must be maintained.","Start execution once the manager gives a verbal go-ahead, then add missing fields at week end.",Use the most recent email or chat thread as the only working standard.,B,"Role explanation, next steps, communication log, follow-up date, rejection/feedback handling, and re-engagement plan must be maintained.",Readiness requires the module-specific control to be completed and visible in the approved system.,required_control|readiness,True,False,1
HIS-TRN-CX-001-Q03,HIS-TRN-CX-001,HIS-SOP-CX-001,3,single_choice,application,Which record best proves HIS-SOP-CX-001 was followed for communicating with candidates across the lifecycle?,A verbal update in the daily standup with no system entry.,A personal note or spreadsheet maintained by one team member only.,"Candidate communication notes, next step, SLA status, rejection/dropout reason, re-engagement tag, and follow-up date.","A generic completion message that does not include evidence, owner, or next step.",C,"Candidate communication notes, next step, SLA status, rejection/dropout reason, re-engagement tag, and follow-up date.","The record must be specific enough for another team member or auditor to understand the action, status, and evidence.",documentation|system_record,True,False,1
HIS-TRN-CX-001-Q04,HIS-TRN-CX-001,HIS-SOP-CX-001,4,scenario_single_choice,scenario_application,Scenario: A candidate interviewed but has not received an update for several days. What is the best response?,Ask the team to handle it informally because the situation is time-sensitive.,Move forward quickly and document the exception only if a problem occurs.,Treat the issue as resolved if a verbal confirmation was received.,"Send a professional status update, document the communication, and escalate delayed client feedback if needed.",D,"Send a professional status update, document the communication, and escalate delayed client feedback if needed.","The best response applies the SOP control before the issue turns into a delivery, compliance, or communication failure.",scenario|edge_case,True,False,1
HIS-TRN-CX-001-Q05,HIS-TRN-CX-001,HIS-SOP-CX-001,5,single_choice,analysis,What is the most realistic misunderstanding that would weaken HIS-SOP-CX-001?,"Treating candidate communication as recruiter preference instead of a measurable service standard before, during, and after placement.","Assuming candidate care means being friendly, even when role details, next steps, and delays are unclear.",Ignoring re-engagement notes for rejected candidates because they are not active submissions today.,"Treating no-response candidates as closed without documenting attempts, reason, and future fit.",A,"Treating candidate communication as recruiter preference instead of a measurable service standard before, during, and after placement.","The correct answer is the most direct misunderstanding that would break the SOP’s operating control. The distractors are plausible misunderstandings, but they are either narrower, secondary, or less central to this SOP.",misconception|analysis|module_specific,True,False,1
HIS-TRN-CX-001-Q06,HIS-TRN-CX-001,HIS-SOP-CX-001,6,single_choice,application,Who should own or verify the key control for HIS-SOP-CX-001?,No assigned owner is needed if the team discusses it in a meeting.,Recruiter owns candidate communication; lead/manager audits SLA and quality.,Any person can close it without review if the outcome looks positive.,"Only the newest team member working the task, because they are closest to the work.",B,Recruiter owns candidate communication; lead/manager audits SLA and quality.,Ownership must match the SOP’s operating responsibility so accountability does not disappear in remote work.,ownership|manager_control,True,False,1
HIS-TRN-CX-001-Q07,HIS-TRN-CX-001,HIS-SOP-CX-001,7,scenario_single_choice,scenario_application,Scenario: A candidate is rejected but is strong for future roles. What should happen next?,Let the person who discovered the issue decide without involving the required owner or workflow.,Continue using the old information because changing records mid-process creates extra work.,"Communicate respectfully, document the reason, and tag for re-engagement with future-fit notes.",Keep the issue in a private note until the final outcome is known.,C,"Communicate respectfully, document the reason, and tag for re-engagement with future-fit notes.","The scenario tests the second-level application of the SOP when work changes, conflicts, or becomes risky.",scenario|second_scenario,True,False,1
HIS-TRN-CX-001-Q08,HIS-TRN-CX-001,HIS-SOP-CX-001,8,single_choice,evaluation,Which evidence would best show that HIS-SOP-CX-001 is working after rollout?,"Most employees say in chat that they understand the SOP, but no workflow data is reviewed.","The SOP exists in a folder, even if training, acknowledgment, and audits are incomplete.","Managers remember discussing the SOP, but there is no KPI, record, or compliance evidence.",90%+ candidate communication SLA adherence and improved candidate trust/referrals.,D,90%+ candidate communication SLA adherence and improved candidate trust/referrals.,"The success measure must connect the SOP to measurable adoption, quality, compliance, or business impact.",success_measure|kpi,True,False,1
HIS-TRN-PLAT-001-Q01,HIS-TRN-PLAT-001,HIS-SOP-PLAT-001,1,single_choice,understanding,"For HIS-SOP-PLAT-001 (KleriQ and ProKred platform usage), what is the primary business reason the SOP exists?",To position KleriQ and ProKred as internal Hire’in tools that candidates must use in every case.,Clarifies how employees should position and use KleriQ and ProKred as separate SaaS platforms used by Hire'in as pilot/design-partner tools.,To let recruiters explain SaaS features in their own words without approved privacy or usage language.,To use platform adoption as a substitute for recruiter judgment and candidate consent.,B,Clarifies how employees should position and use KleriQ and ProKred as separate SaaS platforms used by Hire'in as pilot/design-partner tools.,The correct answer describes the actual business outcome of this SOP. The other options are realistic but unsafe shortcuts or misunderstandings that would weaken the operating standard.,purpose|business_value,True,False,1
HIS-TRN-PLAT-001-Q02,HIS-TRN-PLAT-001,HIS-SOP-PLAT-001,2,single_choice,application,"Before explaining third-party SaaS tools to candidates/team members is treated as ready under HIS-SOP-PLAT-001, which control is required?","Start execution once the manager gives a verbal go-ahead, then add missing fields at week end.","Proceed if the candidate/client seems urgent, even if required records are not complete.","Correct platform explanation, candidate consent, approved script, separate SaaS positioning, and no false mandatory/security claims are required.",Use the most recent email or chat thread as the only working standard.,C,"Correct platform explanation, candidate consent, approved script, separate SaaS positioning, and no false mandatory/security claims are required.",Readiness requires the module-specific control to be completed and visible in the approved system.,required_control|readiness,True,False,1
HIS-TRN-PLAT-001-Q03,HIS-TRN-PLAT-001,HIS-SOP-PLAT-001,3,single_choice,application,Which record best proves HIS-SOP-PLAT-001 was followed for explaining third-party SaaS tools to candidates/team members?,A personal note or spreadsheet maintained by one team member only.,"A generic completion message that does not include evidence, owner, or next step.",A verbal update in the daily standup with no system entry.,"Platform usage note, consent/acknowledgment where applicable, approved script use, and candidate/progress status.",D,"Platform usage note, consent/acknowledgment where applicable, approved script use, and candidate/progress status.","The record must be specific enough for another team member or auditor to understand the action, status, and evidence.",documentation|system_record,True,False,1
HIS-TRN-PLAT-001-Q04,HIS-TRN-PLAT-001,HIS-SOP-PLAT-001,4,scenario_single_choice,scenario_application,Scenario: A recruiter tells a candidate “ProKred is just our internal Hire’in form and you must use it for everything.” What is the best response?,Correct the explanation: ProKred is a separate candidate-friendly SaaS platform used where appropriate for secure documentation and packet readiness.,Ask the team to handle it informally because the situation is time-sensitive.,Move forward quickly and document the exception only if a problem occurs.,Treat the issue as resolved if a verbal confirmation was received.,A,Correct the explanation: ProKred is a separate candidate-friendly SaaS platform used where appropriate for secure documentation and packet readiness.,"The best response applies the SOP control before the issue turns into a delivery, compliance, or communication failure.",scenario|edge_case,True,False,1
HIS-TRN-PLAT-001-Q05,HIS-TRN-PLAT-001,HIS-SOP-PLAT-001,5,single_choice,analysis,What is the most realistic misunderstanding that would weaken HIS-SOP-PLAT-001?,Calling ProKred a mandatory Hire’in internal form when it should be explained as a separate SaaS platform where applicable.,Presenting KleriQ or ProKred as Hire’in-only mandatory internal tools instead of separate SaaS platforms used where appropriate.,Telling clients or candidates that AI makes final staffing decisions instead of supporting human review.,Improvising privacy or ownership claims about KleriQ/ProKred instead of using approved positioning.,B,Presenting KleriQ or ProKred as Hire’in-only mandatory internal tools instead of separate SaaS platforms used where appropriate.,"The correct answer is the most direct misunderstanding that would break the SOP’s operating control. The distractors are plausible misunderstandings, but they are either narrower, secondary, or less central to this SOP.",misconception|analysis|module_specific,True,False,1
HIS-TRN-PLAT-001-Q06,HIS-TRN-PLAT-001,HIS-SOP-PLAT-001,6,single_choice,application,Who should own or verify the key control for HIS-SOP-PLAT-001?,"Only the newest team member working the task, because they are closest to the work.",No assigned owner is needed if the team discusses it in a meeting.,Recruiters use approved messaging; management owns positioning and commercial boundaries.,Any person can close it without review if the outcome looks positive.,C,Recruiters use approved messaging; management owns positioning and commercial boundaries.,Ownership must match the SOP’s operating responsibility so accountability does not disappear in remote work.,ownership|manager_control,True,False,1
HIS-TRN-PLAT-001-Q07,HIS-TRN-PLAT-001,HIS-SOP-PLAT-001,7,scenario_single_choice,scenario_application,Scenario: A client asks whether KleriQ makes final candidate decisions. What should happen next?,Keep the issue in a private note until the final outcome is known.,Continue using the old information because changing records mid-process creates extra work.,Let the person who discovered the issue decide without involving the required owner or workflow.,"Explain that KleriQ supports requirement clarity; trained humans remain responsible for screening, quality, and final submission decisions.",D,"Explain that KleriQ supports requirement clarity; trained humans remain responsible for screening, quality, and final submission decisions.","The scenario tests the second-level application of the SOP when work changes, conflicts, or becomes risky.",scenario|second_scenario,True,False,1
HIS-TRN-PLAT-001-Q08,HIS-TRN-PLAT-001,HIS-SOP-PLAT-001,8,single_choice,evaluation,Which evidence would best show that HIS-SOP-PLAT-001 is working after rollout?,Correct platform adoption without confusing ProKred/KleriQ as internal-only tools.,"Most employees say in chat that they understand the SOP, but no workflow data is reviewed.","Managers remember discussing the SOP, but there is no KPI, record, or compliance evidence.","The SOP exists in a folder, even if training, acknowledgment, and audits are incomplete.",A,Correct platform adoption without confusing ProKred/KleriQ as internal-only tools.,"The success measure must connect the SOP to measurable adoption, quality, compliance, or business impact.",success_measure|kpi,True,False,1
HIS-TRN-LEGAL-001-Q01,HIS-TRN-LEGAL-001,HIS-SOP-LEGAL-001,1,single_choice,understanding,"For HIS-SOP-LEGAL-001 (legal/privacy/compliance), what is the primary business reason the SOP exists?","To let teams handle legal, privacy, or work authorization issues informally until a client asks questions.",To treat candidate consent and data privacy as recruiter preferences rather than compliance requirements.,"Reduces legal and compliance risk in contracts, NDAs, candidate data, privacy, job-related screening, work authorization, and escalation.",To let business urgency override escalation when contract or discrimination risk appears.,C,"Reduces legal and compliance risk in contracts, NDAs, candidate data, privacy, job-related screening, work authorization, and escalation.",The correct answer describes the actual business outcome of this SOP. The other options are realistic but unsafe shortcuts or misunderstandings that would weaken the operating standard.,purpose|business_value,True,False,1
HIS-TRN-LEGAL-001-Q02,HIS-TRN-LEGAL-001,HIS-SOP-LEGAL-001,2,single_choice,application,"Before handling contracts, privacy, EEOC, and work authorization risks is treated as ready under HIS-SOP-LEGAL-001, which control is required?",Use the most recent email or chat thread as the only working standard.,"Proceed if the candidate/client seems urgent, even if required records are not complete.","Start execution once the manager gives a verbal go-ahead, then add missing fields at week end.","Privacy risk, contract/NDA routing, job-related selection criteria, work authorization handling, and escalation must be documented.",D,"Privacy risk, contract/NDA routing, job-related selection criteria, work authorization handling, and escalation must be documented.",Readiness requires the module-specific control to be completed and visible in the approved system.,required_control|readiness,True,False,1
HIS-TRN-LEGAL-001-Q03,HIS-TRN-LEGAL-001,HIS-SOP-LEGAL-001,3,single_choice,application,"Which record best proves HIS-SOP-LEGAL-001 was followed for handling contracts, privacy, EEOC, and work authorization risks?","Legal/compliance review status, privacy assessment, contract/NDA route, selection criteria notes, and escalation outcome.",A personal note or spreadsheet maintained by one team member only.,"A generic completion message that does not include evidence, owner, or next step.",A verbal update in the daily standup with no system entry.,A,"Legal/compliance review status, privacy assessment, contract/NDA route, selection criteria notes, and escalation outcome.","The record must be specific enough for another team member or auditor to understand the action, status, and evidence.",documentation|system_record,True,False,1
HIS-TRN-LEGAL-001-Q04,HIS-TRN-LEGAL-001,HIS-SOP-LEGAL-001,4,scenario_single_choice,scenario_application,Scenario: A client says they only want candidates of a certain age range for a role. What is the best response?,Ask the team to handle it informally because the situation is time-sensitive.,Do not act on the preference; escalate as a potentially discriminatory request and keep screening job-related.,Move forward quickly and document the exception only if a problem occurs.,Treat the issue as resolved if a verbal confirmation was received.,B,Do not act on the preference; escalate as a potentially discriminatory request and keep screening job-related.,"The best response applies the SOP control before the issue turns into a delivery, compliance, or communication failure.",scenario|edge_case,True,False,1
HIS-TRN-LEGAL-001-Q05,HIS-TRN-LEGAL-001,HIS-SOP-LEGAL-001,5,single_choice,analysis,What is the most realistic misunderstanding that would weaken HIS-SOP-LEGAL-001?,"Assuming a client request is acceptable because it came from the client, even when it may be discriminatory or non-job-related.",Collecting immigration or work authorization documents before confirming business need and approved handling rules.,"Treating privacy, EEOC, immigration, or contract concerns as business judgment instead of compliance-sensitive escalation items.",Forwarding contract or NDA language for speed without verifying approval path and confidentiality.,C,"Treating privacy, EEOC, immigration, or contract concerns as business judgment instead of compliance-sensitive escalation items.","The correct answer is the most direct misunderstanding that would break the SOP’s operating control. The distractors are plausible misunderstandings, but they are either narrower, secondary, or less central to this SOP.",misconception|analysis|module_specific,True,False,1
HIS-TRN-LEGAL-001-Q06,HIS-TRN-LEGAL-001,HIS-SOP-LEGAL-001,6,single_choice,application,Who should own or verify the key control for HIS-SOP-LEGAL-001?,"Only the newest team member working the task, because they are closest to the work.",Any person can close it without review if the outcome looks positive.,No assigned owner is needed if the team discusses it in a meeting.,Ops/HR/Legal owner reviews high-risk issues; recruiters and managers escalate concerns early.,D,Ops/HR/Legal owner reviews high-risk issues; recruiters and managers escalate concerns early.,Ownership must match the SOP’s operating responsibility so accountability does not disappear in remote work.,ownership|manager_control,True,False,1
HIS-TRN-LEGAL-001-Q07,HIS-TRN-LEGAL-001,HIS-SOP-LEGAL-001,7,scenario_single_choice,scenario_application,Scenario: A recruiter wants to upload candidate work authorization documents to a personal drive for convenience. What should happen next?,Use the approved secure system and follow privacy/document handling rules.,Let the person who discovered the issue decide without involving the required owner or workflow.,Continue using the old information because changing records mid-process creates extra work.,Keep the issue in a private note until the final outcome is known.,A,Use the approved secure system and follow privacy/document handling rules.,"The scenario tests the second-level application of the SOP when work changes, conflicts, or becomes risky.",scenario|second_scenario,True,False,1
HIS-TRN-LEGAL-001-Q08,HIS-TRN-LEGAL-001,HIS-SOP-LEGAL-001,8,single_choice,evaluation,Which evidence would best show that HIS-SOP-LEGAL-001 is working after rollout?,"Managers remember discussing the SOP, but there is no KPI, record, or compliance evidence.",100% high-risk legal/privacy/selection issues routed before action.,"Most employees say in chat that they understand the SOP, but no workflow data is reviewed.","The SOP exists in a folder, even if training, acknowledgment, and audits are incomplete.",B,100% high-risk legal/privacy/selection issues routed before action.,"The success measure must connect the SOP to measurable adoption, quality, compliance, or business impact.",success_measure|kpi,True,False,1
HIS-TRN-FIN-001-Q01,HIS-TRN-FIN-001,HIS-SOP-FIN-001,1,single_choice,understanding,"For HIS-SOP-FIN-001 (finance/billing/margin), what is the primary business reason the SOP exists?","To allow billing, payroll, and margin checks to happen after the placement starts.",To let account teams promise rates first and ask finance to reconcile margins later.,To treat timesheet and invoice documentation as a back-office concern only.,"Protects revenue, margin, payroll accuracy, billing confidence, AR/AP follow-up, and client trust.",D,"Protects revenue, margin, payroll accuracy, billing confidence, AR/AP follow-up, and client trust.",The correct answer describes the actual business outcome of this SOP. The other options are realistic but unsafe shortcuts or misunderstandings that would weaken the operating standard.,purpose|business_value,True,False,1
HIS-TRN-FIN-001-Q02,HIS-TRN-FIN-001,HIS-SOP-FIN-001,2,single_choice,application,"Before preparing billing, payroll, or margin records is treated as ready under HIS-SOP-FIN-001, which control is required?","Approved rate, start/end dates, timesheet status, invoice data, payroll inputs, AR/AP follow-up, and margin exceptions must be verified.","Start execution once the manager gives a verbal go-ahead, then add missing fields at week end.",Use the most recent email or chat thread as the only working standard.,"Proceed if the candidate/client seems urgent, even if required records are not complete.",A,"Approved rate, start/end dates, timesheet status, invoice data, payroll inputs, AR/AP follow-up, and margin exceptions must be verified.",Readiness requires the module-specific control to be completed and visible in the approved system.,required_control|readiness,True,False,1
HIS-TRN-FIN-001-Q03,HIS-TRN-FIN-001,HIS-SOP-FIN-001,3,single_choice,application,"Which record best proves HIS-SOP-FIN-001 was followed for preparing billing, payroll, or margin records?",A verbal update in the daily standup with no system entry.,"Rate approval, timesheet/invoice data, payroll status, margin exception approval, AR/AP follow-up, and payment notes.",A personal note or spreadsheet maintained by one team member only.,"A generic completion message that does not include evidence, owner, or next step.",B,"Rate approval, timesheet/invoice data, payroll status, margin exception approval, AR/AP follow-up, and payment notes.","The record must be specific enough for another team member or auditor to understand the action, status, and evidence.",documentation|system_record,True,False,1
HIS-TRN-FIN-001-Q04,HIS-TRN-FIN-001,HIS-SOP-FIN-001,4,scenario_single_choice,scenario_application,"Scenario: A contractor started, but start date and approved rate differ between email and Ceipal. What is the best response?",Treat the issue as resolved if a verbal confirmation was received.,Ask the team to handle it informally because the situation is time-sensitive.,Reconcile the source records and obtain approved correction before invoicing or payroll processing.,Move forward quickly and document the exception only if a problem occurs.,C,Reconcile the source records and obtain approved correction before invoicing or payroll processing.,"The best response applies the SOP control before the issue turns into a delivery, compliance, or communication failure.",scenario|edge_case,True,False,1
HIS-TRN-FIN-001-Q05,HIS-TRN-FIN-001,HIS-SOP-FIN-001,5,single_choice,analysis,What is the most realistic misunderstanding that would weaken HIS-SOP-FIN-001?,"Assuming a start can be billed cleanly if rate, timesheet approval, and client terms are not fully documented.",Treating margin exceptions as sales judgment rather than documented approval and finance visibility.,Waiting until month end to reconcile contractor payroll or AR/AP issues that are already visible.,Treating finance/margin/timesheet records as back-office cleanup instead of required controls before billing and payroll accuracy.,D,Treating finance/margin/timesheet records as back-office cleanup instead of required controls before billing and payroll accuracy.,"The correct answer is the most direct misunderstanding that would break the SOP’s operating control. The distractors are plausible misunderstandings, but they are either narrower, secondary, or less central to this SOP.",misconception|analysis|module_specific,True,False,1
HIS-TRN-FIN-001-Q06,HIS-TRN-FIN-001,HIS-SOP-FIN-001,6,single_choice,application,Who should own or verify the key control for HIS-SOP-FIN-001?,Finance owns billing/payroll/AR; Sales/Delivery supplies accurate start/rate/timesheet data.,No assigned owner is needed if the team discusses it in a meeting.,"Only the newest team member working the task, because they are closest to the work.",Any person can close it without review if the outcome looks positive.,A,Finance owns billing/payroll/AR; Sales/Delivery supplies accurate start/rate/timesheet data.,Ownership must match the SOP’s operating responsibility so accountability does not disappear in remote work.,ownership|manager_control,True,False,1
HIS-TRN-FIN-001-Q07,HIS-TRN-FIN-001,HIS-SOP-FIN-001,7,scenario_single_choice,scenario_application,Scenario: A timesheet is missing but invoice deadline is today. What should happen next?,Continue using the old information because changing records mid-process creates extra work.,Escalate and track the missing timesheet; do not invoice/pay from assumptions without approval.,Keep the issue in a private note until the final outcome is known.,Let the person who discovered the issue decide without involving the required owner or workflow.,B,Escalate and track the missing timesheet; do not invoice/pay from assumptions without approval.,"The scenario tests the second-level application of the SOP when work changes, conflicts, or becomes risky.",scenario|second_scenario,True,False,1
HIS-TRN-FIN-001-Q08,HIS-TRN-FIN-001,HIS-SOP-FIN-001,8,single_choice,evaluation,Which evidence would best show that HIS-SOP-FIN-001 is working after rollout?,"Most employees say in chat that they understand the SOP, but no workflow data is reviewed.","The SOP exists in a folder, even if training, acknowledgment, and audits are incomplete.",100% rate/margin exceptions documented and fewer billing disputes.,"Managers remember discussing the SOP, but there is no KPI, record, or compliance evidence.",C,100% rate/margin exceptions documented and fewer billing disputes.,"The success measure must connect the SOP to measurable adoption, quality, compliance, or business impact.",success_measure|kpi,True,False,1
HIS-TRN-OPS-001-Q01,HIS-TRN-OPS-001,HIS-SOP-OPS-001,1,single_choice,understanding,"For HIS-SOP-OPS-001 (tool access and deprovisioning), what is the primary business reason the SOP exists?","Controls access requests, least privilege, credential sharing, password resets, exit access removal, and tool misuse prevention.",To give users broad tool access so they are not blocked during urgent staffing work.,To let managers share credentials temporarily while Ops creates proper access.,To remove tool access only after final settlement or exit paperwork is complete.,A,"Controls access requests, least privilege, credential sharing, password resets, exit access removal, and tool misuse prevention.",The correct answer describes the actual business outcome of this SOP. The other options are realistic but unsafe shortcuts or misunderstandings that would weaken the operating standard.,purpose|business_value,True,False,1
HIS-TRN-OPS-001-Q02,HIS-TRN-OPS-001,HIS-SOP-OPS-001,2,single_choice,application,"Before granting or removing tool access is treated as ready under HIS-SOP-OPS-001, which control is required?","Proceed if the candidate/client seems urgent, even if required records are not complete.","Manager approval, role-based access, security acknowledgment, access log, periodic review, and same-day deprovisioning on exit are required.","Start execution once the manager gives a verbal go-ahead, then add missing fields at week end.",Use the most recent email or chat thread as the only working standard.,B,"Manager approval, role-based access, security acknowledgment, access log, periodic review, and same-day deprovisioning on exit are required.",Readiness requires the module-specific control to be completed and visible in the approved system.,required_control|readiness,True,False,1
HIS-TRN-OPS-001-Q03,HIS-TRN-OPS-001,HIS-SOP-OPS-001,3,single_choice,application,Which record best proves HIS-SOP-OPS-001 was followed for granting or removing tool access?,A personal note or spreadsheet maintained by one team member only.,A verbal update in the daily standup with no system entry.,"Access request, approval, role granted, security acknowledgment, access log, review date, and removal confirmation.","A generic completion message that does not include evidence, owner, or next step.",C,"Access request, approval, role granted, security acknowledgment, access log, review date, and removal confirmation.","The record must be specific enough for another team member or auditor to understand the action, status, and evidence.",documentation|system_record,True,False,1
HIS-TRN-OPS-001-Q04,HIS-TRN-OPS-001,HIS-SOP-OPS-001,4,scenario_single_choice,scenario_application,Scenario: A new recruiter asks a peer for shared Ceipal credentials to start quickly. What is the best response?,Ask the team to handle it informally because the situation is time-sensitive.,Move forward quickly and document the exception only if a problem occurs.,Treat the issue as resolved if a verbal confirmation was received.,Reject shared credentials and route an approved access request with role-based permissions.,D,Reject shared credentials and route an approved access request with role-based permissions.,"The best response applies the SOP control before the issue turns into a delivery, compliance, or communication failure.",scenario|edge_case,True,False,1
HIS-TRN-OPS-001-Q05,HIS-TRN-OPS-001,HIS-SOP-OPS-001,5,single_choice,analysis,What is the most realistic misunderstanding that would weaken HIS-SOP-OPS-001?,"Treating access requests, credential controls, or deprovisioning as admin convenience instead of role-based security controls.",Assuming manager approval is enough to share a login temporarily until formal access is created.,Keeping exited or transferred users active because they might help with transition questions.,Granting full admin access for convenience instead of matching access to role need.,A,"Treating access requests, credential controls, or deprovisioning as admin convenience instead of role-based security controls.","The correct answer is the most direct misunderstanding that would break the SOP’s operating control. The distractors are plausible misunderstandings, but they are either narrower, secondary, or less central to this SOP.",misconception|analysis|module_specific,True,False,1
HIS-TRN-OPS-001-Q06,HIS-TRN-OPS-001,HIS-SOP-OPS-001,6,single_choice,application,Who should own or verify the key control for HIS-SOP-OPS-001?,No assigned owner is needed if the team discusses it in a meeting.,Ops grants/removes access; manager confirms business need and exit/role-change timing.,Any person can close it without review if the outcome looks positive.,"Only the newest team member working the task, because they are closest to the work.",B,Ops grants/removes access; manager confirms business need and exit/role-change timing.,Ownership must match the SOP’s operating responsibility so accountability does not disappear in remote work.,ownership|manager_control,True,False,1
HIS-TRN-OPS-001-Q07,HIS-TRN-OPS-001,HIS-SOP-OPS-001,7,scenario_single_choice,scenario_application,Scenario: An employee resigns and the last working day changes suddenly. What should happen next?,Keep the issue in a private note until the final outcome is known.,Continue using the old information because changing records mid-process creates extra work.,"Update deprovisioning timing and remove access according to risk/last working day, documenting confirmation.",Let the person who discovered the issue decide without involving the required owner or workflow.,C,"Update deprovisioning timing and remove access according to risk/last working day, documenting confirmation.","The scenario tests the second-level application of the SOP when work changes, conflicts, or becomes risky.",scenario|second_scenario,True,False,1
HIS-TRN-OPS-001-Q08,HIS-TRN-OPS-001,HIS-SOP-OPS-001,8,single_choice,evaluation,Which evidence would best show that HIS-SOP-OPS-001 is working after rollout?,"Most employees say in chat that they understand the SOP, but no workflow data is reviewed.","The SOP exists in a folder, even if training, acknowledgment, and audits are incomplete.","Managers remember discussing the SOP, but there is no KPI, record, or compliance evidence.",100% access removal on exit same day and approved role-based access only.,D,100% access removal on exit same day and approved role-based access only.,"The success measure must connect the SOP to measurable adoption, quality, compliance, or business impact.",success_measure|kpi,True,False,1
HIS-TRN-HR-001-Q01,HIS-TRN-HR-001,HIS-SOP-HR-001,1,single_choice,understanding,"For HIS-SOP-HR-001 (training and performance linkage), what is the primary business reason the SOP exists?",To collect acknowledgments quickly so the company can show training completion.,"Connects SOPs to training, acknowledgment, role expectations, scorecards, coaching, probation, PIP, and performance management.","To let managers decide performance consequences without linking them to training, goals, and documented expectations.",To treat SOP training as a one-time HR activity rather than an operating control.,B,"Connects SOPs to training, acknowledgment, role expectations, scorecards, coaching, probation, PIP, and performance management.",The correct answer describes the actual business outcome of this SOP. The other options are realistic but unsafe shortcuts or misunderstandings that would weaken the operating standard.,purpose|business_value,True,False,1
HIS-TRN-HR-001-Q02,HIS-TRN-HR-001,HIS-SOP-HR-001,2,single_choice,application,"Before assigning SOP training and linking it to goals/performance is treated as ready under HIS-SOP-HR-001, which control is required?","Proceed if the candidate/client seems urgent, even if required records are not complete.",Use the most recent email or chat thread as the only working standard.,"Training assignment, role mapping, quiz/live sample, acknowledgment, coaching, goal linkage, and PIP/probation use must be tracked.","Start execution once the manager gives a verbal go-ahead, then add missing fields at week end.",C,"Training assignment, role mapping, quiz/live sample, acknowledgment, coaching, goal linkage, and PIP/probation use must be tracked.",Readiness requires the module-specific control to be completed and visible in the approved system.,required_control|readiness,True,False,1
HIS-TRN-HR-001-Q03,HIS-TRN-HR-001,HIS-SOP-HR-001,3,single_choice,application,Which record best proves HIS-SOP-HR-001 was followed for assigning SOP training and linking it to goals/performance?,A verbal update in the daily standup with no system entry.,A personal note or spreadsheet maintained by one team member only.,"A generic completion message that does not include evidence, owner, or next step.","Training completion, quiz score, live sample result, acknowledgment, goal mapping, coaching note, and PIP/probation linkage.",D,"Training completion, quiz score, live sample result, acknowledgment, goal mapping, coaching note, and PIP/probation linkage.","The record must be specific enough for another team member or auditor to understand the action, status, and evidence.",documentation|system_record,True,False,1
HIS-TRN-HR-001-Q04,HIS-TRN-HR-001,HIS-SOP-HR-001,4,scenario_single_choice,scenario_application,Scenario: An employee is asked to acknowledge an SOP before training or role explanation. What is the best response?,"Assign and complete relevant training first, then capture acknowledgment of the specific SOP version.",Move forward quickly and document the exception only if a problem occurs.,Treat the issue as resolved if a verbal confirmation was received.,Ask the team to handle it informally because the situation is time-sensitive.,A,"Assign and complete relevant training first, then capture acknowledgment of the specific SOP version.","The best response applies the SOP control before the issue turns into a delivery, compliance, or communication failure.",scenario|edge_case,True,False,1
HIS-TRN-HR-001-Q05,HIS-TRN-HR-001,HIS-SOP-HR-001,5,single_choice,analysis,What is the most realistic misunderstanding that would weaken HIS-SOP-HR-001?,Asking employees to acknowledge SOPs before training or before they understand role expectations.,"Treating acknowledgment as a checkbox instead of linking training, understanding, role expectations, goals, coaching, and performance action.",Treating coaching notes as informal feedback that does not need to connect to goals or performance records.,"Using SOP non-compliance in performance decisions before rollout, training, and acknowledgment are documented.",B,"Treating acknowledgment as a checkbox instead of linking training, understanding, role expectations, goals, coaching, and performance action.","The correct answer is the most direct misunderstanding that would break the SOP’s operating control. The distractors are plausible misunderstandings, but they are either narrower, secondary, or less central to this SOP.",misconception|analysis|module_specific,True,False,1
HIS-TRN-HR-001-Q06,HIS-TRN-HR-001,HIS-SOP-HR-001,6,single_choice,application,Who should own or verify the key control for HIS-SOP-HR-001?,"Only the newest team member working the task, because they are closest to the work.",Any person can close it without review if the outcome looks positive.,HR/Ops manages training records; managers coach and link SOP behavior to performance.,No assigned owner is needed if the team discusses it in a meeting.,C,HR/Ops manages training records; managers coach and link SOP behavior to performance.,Ownership must match the SOP’s operating responsibility so accountability does not disappear in remote work.,ownership|manager_control,True,False,1
HIS-TRN-HR-001-Q07,HIS-TRN-HR-001,HIS-SOP-HR-001,7,scenario_single_choice,scenario_application,Scenario: A manager wants to use SOP non-compliance in a review but has no coaching or evidence record. What should happen next?,Continue using the old information because changing records mid-process creates extra work.,Let the person who discovered the issue decide without involving the required owner or workflow.,Keep the issue in a private note until the final outcome is known.,"Document evidence, coaching, expectations, and follow-up before using it in performance action.",D,"Document evidence, coaching, expectations, and follow-up before using it in performance action.","The scenario tests the second-level application of the SOP when work changes, conflicts, or becomes risky.",scenario|second_scenario,True,False,1
HIS-TRN-HR-001-Q08,HIS-TRN-HR-001,HIS-SOP-HR-001,8,single_choice,evaluation,Which evidence would best show that HIS-SOP-HR-001 is working after rollout?,95%+ training completion by due date and role-specific SOP adherence evidence.,"Managers remember discussing the SOP, but there is no KPI, record, or compliance evidence.","Most employees say in chat that they understand the SOP, but no workflow data is reviewed.","The SOP exists in a folder, even if training, acknowledgment, and audits are incomplete.",A,95%+ training completion by due date and role-specific SOP adherence evidence.,"The success measure must connect the SOP to measurable adoption, quality, compliance, or business impact.",success_measure|kpi,True,False,1
HIS-TRN-AUDIT-001-Q01,HIS-TRN-AUDIT-001,HIS-SOP-AUDIT-001,1,single_choice,understanding,"For HIS-SOP-AUDIT-001 (audit and MBR), what is the primary business reason the SOP exists?",To create reports that look complete even when the source records are stale or incomplete.,"To let managers review performance only through final outcomes, not leading indicators and process gaps.","Creates weekly audit, KPI review, corrective action, and MBR discipline so SOPs become business performance controls.",To treat audit findings as criticism rather than corrective action and learning data.,C,"Creates weekly audit, KPI review, corrective action, and MBR discipline so SOPs become business performance controls.",The correct answer describes the actual business outcome of this SOP. The other options are realistic but unsafe shortcuts or misunderstandings that would weaken the operating standard.,purpose|business_value,True,False,1
HIS-TRN-AUDIT-001-Q02,HIS-TRN-AUDIT-001,HIS-SOP-AUDIT-001,2,single_choice,application,"Before running weekly audits and monthly business reviews is treated as ready under HIS-SOP-AUDIT-001, which control is required?",Use the most recent email or chat thread as the only working standard.,"Start execution once the manager gives a verbal go-ahead, then add missing fields at week end.","Proceed if the candidate/client seems urgent, even if required records are not complete.","Dashboard review, sample selection, finding, owner, corrective action, due date, and closure status must be recorded.",D,"Dashboard review, sample selection, finding, owner, corrective action, due date, and closure status must be recorded.",Readiness requires the module-specific control to be completed and visible in the approved system.,required_control|readiness,True,False,1
HIS-TRN-AUDIT-001-Q03,HIS-TRN-AUDIT-001,HIS-SOP-AUDIT-001,3,single_choice,application,Which record best proves HIS-SOP-AUDIT-001 was followed for running weekly audits and monthly business reviews?,"Audit sample, finding severity, owner, corrective action, due date, closure evidence, and MBR summary.",A verbal update in the daily standup with no system entry.,"A generic completion message that does not include evidence, owner, or next step.",A personal note or spreadsheet maintained by one team member only.,A,"Audit sample, finding severity, owner, corrective action, due date, closure evidence, and MBR summary.","The record must be specific enough for another team member or auditor to understand the action, status, and evidence.",documentation|system_record,True,False,1
HIS-TRN-AUDIT-001-Q04,HIS-TRN-AUDIT-001,HIS-SOP-AUDIT-001,4,scenario_single_choice,scenario_application,Scenario: A weekly audit finds missing screening notes but no owner is assigned. What is the best response?,Move forward quickly and document the exception only if a problem occurs.,"Create an audit finding with owner, due date, corrective action, and closure evidence.",Ask the team to handle it informally because the situation is time-sensitive.,Treat the issue as resolved if a verbal confirmation was received.,B,"Create an audit finding with owner, due date, corrective action, and closure evidence.","The best response applies the SOP control before the issue turns into a delivery, compliance, or communication failure.",scenario|edge_case,True,False,1
HIS-TRN-AUDIT-001-Q05,HIS-TRN-AUDIT-001,HIS-SOP-AUDIT-001,5,single_choice,analysis,What is the most realistic misunderstanding that would weaken HIS-SOP-AUDIT-001?,"Closing audit findings because the manager discussed them verbally, without evidence of corrective action.","Reviewing only submissions and starts while ignoring stale roles, missing notes, and overdue follow-ups.","Treating KPI audits as reporting paperwork instead of the mechanism for finding gaps, assigning corrective action, and closing risk.",Treating the MBR as a reporting meeting instead of a decision and accountability checkpoint.,C,"Treating KPI audits as reporting paperwork instead of the mechanism for finding gaps, assigning corrective action, and closing risk.","The correct answer is the most direct misunderstanding that would break the SOP’s operating control. The distractors are plausible misunderstandings, but they are either narrower, secondary, or less central to this SOP.",misconception|analysis|module_specific,True,False,1
HIS-TRN-AUDIT-001-Q06,HIS-TRN-AUDIT-001,HIS-SOP-AUDIT-001,6,single_choice,application,Who should own or verify the key control for HIS-SOP-AUDIT-001?,"Only the newest team member working the task, because they are closest to the work.",Any person can close it without review if the outcome looks positive.,No assigned owner is needed if the team discusses it in a meeting.,Managers run weekly audits; CEO/Ops reviews MBR and escalations.,D,Managers run weekly audits; CEO/Ops reviews MBR and escalations.,Ownership must match the SOP’s operating responsibility so accountability does not disappear in remote work.,ownership|manager_control,True,False,1
HIS-TRN-AUDIT-001-Q07,HIS-TRN-AUDIT-001,HIS-SOP-AUDIT-001,7,scenario_single_choice,scenario_application,Scenario: Monthly metrics look good but candidate complaints are rising. What should happen next?,"Include candidate feedback as an MBR signal and investigate quality/communication gaps, not just volume KPIs.",Keep the issue in a private note until the final outcome is known.,Let the person who discovered the issue decide without involving the required owner or workflow.,Continue using the old information because changing records mid-process creates extra work.,A,"Include candidate feedback as an MBR signal and investigate quality/communication gaps, not just volume KPIs.","The scenario tests the second-level application of the SOP when work changes, conflicts, or becomes risky.",scenario|second_scenario,True,False,1
HIS-TRN-AUDIT-001-Q08,HIS-TRN-AUDIT-001,HIS-SOP-AUDIT-001,8,single_choice,evaluation,Which evidence would best show that HIS-SOP-AUDIT-001 is working after rollout?,"Most employees say in chat that they understand the SOP, but no workflow data is reviewed.",90%+ audit findings closed on time and KPIs reviewed monthly.,"The SOP exists in a folder, even if training, acknowledgment, and audits are incomplete.","Managers remember discussing the SOP, but there is no KPI, record, or compliance evidence.",B,90%+ audit findings closed on time and KPIs reviewed monthly.,"The success measure must connect the SOP to measurable adoption, quality, compliance, or business impact.",success_measure|kpi,True,False,1
HIS-TRN-TRAIN-001-Q01,HIS-TRN-TRAIN-001,HIS-TRAIN-001,1,single_choice,understanding,"For HIS-TRAIN-001 (role-based training), what is the primary business reason the SOP exists?",To let employees complete training by reading SOPs without checking comprehension or live work application.,To use the same certification depth for every role regardless of daily responsibility.,To treat quiz completion as proof of readiness without manager observation where certification is required.,"Defines how training is designed, assigned, evaluated, and certified by role so employees can apply SOPs in real work.",D,"Defines how training is designed, assigned, evaluated, and certified by role so employees can apply SOPs in real work.",The correct answer describes the actual business outcome of this SOP. The other options are realistic but unsafe shortcuts or misunderstandings that would weaken the operating standard.,purpose|business_value,True,False,1
HIS-TRN-TRAIN-001-Q02,HIS-TRN-TRAIN-001,HIS-TRAIN-001,2,single_choice,application,"Before designing or assigning training is treated as ready under HIS-TRAIN-001, which control is required?","Audience, objectives, materials, quiz, live evidence, acknowledgment, and refresh cycle must be designed by role.",Use the most recent email or chat thread as the only working standard.,"Proceed if the candidate/client seems urgent, even if required records are not complete.","Start execution once the manager gives a verbal go-ahead, then add missing fields at week end.",A,"Audience, objectives, materials, quiz, live evidence, acknowledgment, and refresh cycle must be designed by role.",Readiness requires the module-specific control to be completed and visible in the approved system.,required_control|readiness,True,False,1
HIS-TRN-TRAIN-001-Q03,HIS-TRN-TRAIN-001,HIS-TRAIN-001,3,single_choice,application,Which record best proves HIS-TRAIN-001 was followed for designing or assigning training?,A verbal update in the daily standup with no system entry.,"Training module, objectives, lesson content, quiz bank, assignment rules, scores, live evidence, and certification status.","A generic completion message that does not include evidence, owner, or next step.",A personal note or spreadsheet maintained by one team member only.,B,"Training module, objectives, lesson content, quiz bank, assignment rules, scores, live evidence, and certification status.","The record must be specific enough for another team member or auditor to understand the action, status, and evidence.",documentation|system_record,True,False,1
HIS-TRN-TRAIN-001-Q04,HIS-TRN-TRAIN-001,HIS-TRAIN-001,4,scenario_single_choice,scenario_application,Scenario: A recruiter completes a module but cannot apply the checklist to a real candidate screen. What is the best response?,Treat the issue as resolved if a verbal confirmation was received.,Move forward quickly and document the exception only if a problem occurs.,"Require live work evidence/coaching before certification, not just quiz completion.",Ask the team to handle it informally because the situation is time-sensitive.,C,"Require live work evidence/coaching before certification, not just quiz completion.","The best response applies the SOP control before the issue turns into a delivery, compliance, or communication failure.",scenario|edge_case,True,False,1
HIS-TRN-TRAIN-001-Q05,HIS-TRN-TRAIN-001,HIS-TRAIN-001,5,single_choice,analysis,What is the most realistic misunderstanding that would weaken HIS-TRAIN-001?,Letting users acknowledge training without passing the quiz or completing required live evidence.,Assigning full certification to all employees even when awareness training would be sufficient.,Reusing old training materials after SOP changes without updating the linked module version.,"Treating training completion as attendance only instead of comprehension, quiz pass, and live work evidence where required.",D,"Treating training completion as attendance only instead of comprehension, quiz pass, and live work evidence where required.","The correct answer is the most direct misunderstanding that would break the SOP’s operating control. The distractors are plausible misunderstandings, but they are either narrower, secondary, or less central to this SOP.",misconception|analysis|module_specific,True,False,1
HIS-TRN-TRAIN-001-Q06,HIS-TRN-TRAIN-001,HIS-TRAIN-001,6,single_choice,application,Who should own or verify the key control for HIS-TRAIN-001?,Training owner designs; managers validate live work application.,Any person can close it without review if the outcome looks positive.,"Only the newest team member working the task, because they are closest to the work.",No assigned owner is needed if the team discusses it in a meeting.,A,Training owner designs; managers validate live work application.,Ownership must match the SOP’s operating responsibility so accountability does not disappear in remote work.,ownership|manager_control,True,False,1
HIS-TRN-TRAIN-001-Q07,HIS-TRN-TRAIN-001,HIS-TRAIN-001,7,scenario_single_choice,scenario_application,Scenario: The same training is assigned to Finance and Recruiters even though their workflows differ. What should happen next?,Let the person who discovered the issue decide without involving the required owner or workflow.,Use role-based assignments so each audience receives the right level of training.,Continue using the old information because changing records mid-process creates extra work.,Keep the issue in a private note until the final outcome is known.,B,Use role-based assignments so each audience receives the right level of training.,"The scenario tests the second-level application of the SOP when work changes, conflicts, or becomes risky.",scenario|second_scenario,True,False,1
HIS-TRN-TRAIN-001-Q08,HIS-TRN-TRAIN-001,HIS-TRAIN-001,8,single_choice,evaluation,Which evidence would best show that HIS-TRAIN-001 is working after rollout?,"Most employees say in chat that they understand the SOP, but no workflow data is reviewed.","The SOP exists in a folder, even if training, acknowledgment, and audits are incomplete.","Training completion plus demonstrated application in live work, not attendance alone.","Managers remember discussing the SOP, but there is no KPI, record, or compliance evidence.",C,"Training completion plus demonstrated application in live work, not attendance alone.","The success measure must connect the SOP to measurable adoption, quality, compliance, or business impact.",success_measure|kpi,True,False,1
HIS-TRN-TPL-001-Q01,HIS-TRN-TPL-001,HIS-TPL-001,1,single_choice,understanding,"For HIS-TPL-001 (templates and manager tools), what is the primary business reason the SOP exists?","Standardizes checklists, acknowledgments, audit forms, coaching notes, field templates, and manager follow-through tools.",To let managers use templates only when they personally prefer a structured checklist.,To replace manager judgment with checkboxes rather than improving consistency of coaching and audits.,To keep templates outside the system so managers can adapt them freely without version control.,A,"Standardizes checklists, acknowledgments, audit forms, coaching notes, field templates, and manager follow-through tools.",The correct answer describes the actual business outcome of this SOP. The other options are realistic but unsafe shortcuts or misunderstandings that would weaken the operating standard.,purpose|business_value,True,False,1
HIS-TRN-TPL-001-Q02,HIS-TRN-TPL-001,HIS-TPL-001,2,single_choice,application,"Before using checklists, acknowledgments, and field templates is treated as ready under HIS-TPL-001, which control is required?","Start execution once the manager gives a verbal go-ahead, then add missing fields at week end.","Correct template, completed fields, evidence, owner, due date, and follow-up status must be used consistently.",Use the most recent email or chat thread as the only working standard.,"Proceed if the candidate/client seems urgent, even if required records are not complete.",B,"Correct template, completed fields, evidence, owner, due date, and follow-up status must be used consistently.",Readiness requires the module-specific control to be completed and visible in the approved system.,required_control|readiness,True,False,1
HIS-TRN-TPL-001-Q03,HIS-TRN-TPL-001,HIS-TPL-001,3,single_choice,application,"Which record best proves HIS-TPL-001 was followed for using checklists, acknowledgments, and field templates?",A personal note or spreadsheet maintained by one team member only.,"A generic completion message that does not include evidence, owner, or next step.","Completed template/checklist, evidence attachment, owner, date, status, and follow-up notes.",A verbal update in the daily standup with no system entry.,C,"Completed template/checklist, evidence attachment, owner, date, status, and follow-up notes.","The record must be specific enough for another team member or auditor to understand the action, status, and evidence.",documentation|system_record,True,False,1
HIS-TRN-TPL-001-Q04,HIS-TRN-TPL-001,HIS-TPL-001,4,scenario_single_choice,scenario_application,Scenario: A manager gives coaching verbally but does not use the coaching-note template. What is the best response?,Treat the issue as resolved if a verbal confirmation was received.,Move forward quickly and document the exception only if a problem occurs.,Ask the team to handle it informally because the situation is time-sensitive.,"Document the coaching using the approved template with expectation, evidence, owner, and next follow-up.",D,"Document the coaching using the approved template with expectation, evidence, owner, and next follow-up.","The best response applies the SOP control before the issue turns into a delivery, compliance, or communication failure.",scenario|edge_case,True,False,1
HIS-TRN-TPL-001-Q05,HIS-TRN-TPL-001,HIS-TPL-001,5,single_choice,analysis,What is the most realistic misunderstanding that would weaken HIS-TPL-001?,"Treating manager templates as optional personal tools instead of standardized evidence for coaching, audits, acknowledgments, and decisions.",Treating completed checklists as private manager notes instead of attaching them to the approved workflow where required.,Changing template fields locally because the manager’s team has a different style.,Skipping templates for experienced employees even when the process requires consistent evidence.,A,"Treating manager templates as optional personal tools instead of standardized evidence for coaching, audits, acknowledgments, and decisions.","The correct answer is the most direct misunderstanding that would break the SOP’s operating control. The distractors are plausible misunderstandings, but they are either narrower, secondary, or less central to this SOP.",misconception|analysis|module_specific,True,False,1
HIS-TRN-TPL-001-Q06,HIS-TRN-TPL-001,HIS-TPL-001,6,single_choice,application,Who should own or verify the key control for HIS-TPL-001?,"Only the newest team member working the task, because they are closest to the work.",Managers use templates; Ops/HR audits consistency and completeness.,Any person can close it without review if the outcome looks positive.,No assigned owner is needed if the team discusses it in a meeting.,B,Managers use templates; Ops/HR audits consistency and completeness.,Ownership must match the SOP’s operating responsibility so accountability does not disappear in remote work.,ownership|manager_control,True,False,1
HIS-TRN-TPL-001-Q07,HIS-TRN-TPL-001,HIS-TPL-001,7,scenario_single_choice,scenario_application,Scenario: A checklist is copied forward with blank evidence fields. What should happen next?,Continue using the old information because changing records mid-process creates extra work.,Keep the issue in a private note until the final outcome is known.,Complete the required fields with actual evidence or mark the item not complete.,Let the person who discovered the issue decide without involving the required owner or workflow.,C,Complete the required fields with actual evidence or mark the item not complete.,"The scenario tests the second-level application of the SOP when work changes, conflicts, or becomes risky.",scenario|second_scenario,True,False,1
HIS-TRN-TPL-001-Q08,HIS-TRN-TPL-001,HIS-TPL-001,8,single_choice,evaluation,Which evidence would best show that HIS-TPL-001 is working after rollout?,"The SOP exists in a folder, even if training, acknowledgment, and audits are incomplete.","Managers remember discussing the SOP, but there is no KPI, record, or compliance evidence.","Most employees say in chat that they understand the SOP, but no workflow data is reviewed.",Templates reduce missed steps and create consistent evidence for audits/coaching.,D,Templates reduce missed steps and create consistent evidence for audits/coaching.,"The success measure must connect the SOP to measurable adoption, quality, compliance, or business impact.",success_measure|kpi,True,False,1
